distribution,auctions,repetition,method,procedure,bandwidth,wgan_weight,estimate,standard_error,target,exact_reserve,error_target,error_exact,covers_target,covers_exact,interval_length,revenue_regret,missing_root,multiple_roots,score_residual,jacobian,optimizer_success,evaluation_base_seed
lognormal,500,1,Monotone fixed,Fixed bandwidth,0.15,0.1304349796924862,0.8422848584972055,0.040733028866536,0.8318293782081901,0.7718567076821136,0.0104554802890153,0.0704281508150919,True,True,0.1596734731568211,0.0003048300660022,False,False,-4.440892098500626e-18,-1.006156990905276,,90260930
lognormal,500,1,Monotone fixed,Exact reserve,0.15,0.1304349796924862,0.8131675188668888,0.0605847935859997,0.7718567076821136,0.7718567076821136,0.0413108111847752,0.0413108111847752,True,True,0.2374923908571188,8.70547920281961e-05,False,False,,,,90260930
lognormal,500,1,Monotone adaptive,Fixed bandwidth,0.15,1.0,0.8458857341642972,0.0419141332476011,0.8318293782081901,0.7718567076821136,0.0140563559561071,0.0740290264821836,True,True,0.1643034023305966,0.0003443673873761,False,False,1.0658141036401505e-17,-1.021216834701919,,90260930
lognormal,500,1,Monotone adaptive,Exact reserve,0.15,1.0,0.8181705175183953,0.0621081744594226,0.7718567076821136,0.7718567076821136,0.0463138098362817,0.0463138098362817,True,True,0.2434640438809368,0.0001130695379993,False,False,,,,90260930
lognormal,500,1,Empirical DML,Fixed bandwidth,0.15,0.0,0.8417970996150158,0.0405728598148759,0.8318293782081901,0.7718567076821136,0.0099677214068256,0.0699403919329022,True,True,0.1590456104743135,0.0002997146060739,False,False,1.2967404927621828e-16,-1.0043624469351498,,90260930
lognormal,500,1,Empirical DML,Exact reserve,0.15,0.0,0.8125504287207596,0.0603757823846956,0.7718567076821136,0.7718567076821136,0.0406937210386459,0.0406937210386459,True,True,0.2366730669480069,8.41300383911392e-05,False,False,,,,90260930
lognormal,500,1,Smooth plug-in,Fixed bandwidth,0.15,0.0,0.8321584807150607,0.0367529455773512,0.8318293782081901,0.7718567076821136,0.0003291025068705,0.0603017730329471,True,True,0.1440715466632167,0.0002097317059235,False,False,0.0,-1.0387814265105932,,90260930
lognormal,500,1,Smooth plug-in,Exact reserve,0.15,0.0,0.7979070001737737,0.0539470972073327,0.7718567076821136,0.7718567076821136,0.0260502924916601,0.0260502924916601,True,True,0.2114726210527442,3.125241849866178e-05,False,False,,,,90260930
lognormal,500,2,Monotone fixed,Fixed bandwidth,0.15,0.1304349796924862,0.9013585742901892,0.0378094159785951,0.8318293782081901,0.7718567076821136,0.069529196081999,0.1295018666080756,True,False,0.148212910636093,0.0014511540364052,False,False,-1.9893835911943825e-11,-1.2207833208866956,,90260930
lognormal,500,2,Monotone fixed,Exact reserve,0.15,0.1304349796924862,0.8958842557549408,0.0553351795539207,0.7718567076821136,0.7718567076821136,0.1240275480728272,0.1240275480728272,False,False,0.2169139038513692,0.0012920917257339,False,False,,,,90260930
lognormal,500,2,Monotone adaptive,Fixed bandwidth,0.15,0.6666666666666666,0.8996340570192569,0.0384371220819244,0.8318293782081901,0.7718567076821136,0.0678046788110667,0.1277773493371433,True,False,0.1506735185611437,0.0013996610795903,False,False,-1.2434497875801757e-17,-1.210356691168606,,90260930
lognormal,500,2,Monotone adaptive,Exact reserve,0.15,0.6666666666666666,0.8928444092059507,0.0564656124634371,0.7718567076821136,0.7718567076821136,0.120987701523837,0.120987701523837,False,False,0.2213452008566734,0.0012092005693873,False,False,,,,90260930
lognormal,500,2,Empirical DML,Fixed bandwidth,0.15,0.0,0.9015394198854382,0.0377740419319657,0.8318293782081901,0.7718567076821136,0.069710041677248,0.1296827122033246,True,False,0.1480742443733056,0.0014566287118606,False,False,-2.2449810899161095e-11,-1.2231532690936222,,90260930
lognormal,500,2,Empirical DML,Exact reserve,0.15,0.0,0.8961723186432227,0.055264077511565,0.7718567076821136,0.7718567076821136,0.1243156109611091,0.1243156109611091,False,False,0.2166351838453349,0.0013001452367853,False,False,,,,90260930
lognormal,500,2,Smooth plug-in,Fixed bandwidth,0.15,0.0,0.9005768291058884,0.0370939721987448,0.8318293782081901,0.7718567076821136,0.0687474508976982,0.1287201214237748,True,False,0.1454083710190798,0.001427651301938,False,False,-7.883027564048461e-12,-1.2056096054535723,,90260930
lognormal,500,2,Smooth plug-in,Exact reserve,0.15,0.0,0.8945800505155554,0.0541719151604993,0.7718567076821136,0.7718567076821136,0.1227233428334418,0.1227233428334418,False,False,0.2123539074291573,0.0012560628827165,False,False,,,,90260930
lognormal,500,3,Monotone fixed,Fixed bandwidth,0.15,0.1304349796924862,0.879180849791161,0.0436486523441407,0.8318293782081901,0.7718567076821136,0.0473514715829708,0.1073241421090474,True,False,0.1711027171890316,0.0008814423386305,False,False,1.2434497875801757e-17,-1.013891280576722,,90260930
lognormal,500,3,Monotone fixed,Exact reserve,0.15,0.1304349796924862,0.8765383730352518,0.0677823520699471,0.7718567076821136,0.7718567076821136,0.1046816653531382,0.1046816653531382,True,True,0.2657068201141926,0.0008260174650984,False,False,,,,90260930
lognormal,500,3,Monotone adaptive,Fixed bandwidth,0.15,0.6666666666666666,0.8648768147068945,0.0468307849069327,0.8318293782081901,0.7718567076821136,0.0330474364987043,0.0930201070247809,True,False,0.1835766768351764,0.0006095312090235,False,False,1.3268726561932452e-11,-0.9499294546251844,,90260930
lognormal,500,3,Monotone adaptive,Exact reserve,0.15,0.6666666666666666,0.8496081001749155,0.0745612845871209,0.7718567076821136,0.7718567076821136,0.0777513924928019,0.0777513924928019,True,True,0.2922802355815142,0.0003886252440499,False,False,,,,90260930
lognormal,500,3,Empirical DML,Fixed bandwidth,0.15,0.0,0.8834912792010943,0.0452033570797708,0.8318293782081901,0.7718567076821136,0.0516619009929041,0.1116345715189807,True,False,0.1771971597527016,0.0009772236458078,False,False,-2.1671553440683055e-16,-1.0038802935257871,,90260930
lognormal,500,3,Empirical DML,Exact reserve,0.15,0.0,0.8834265878681287,0.0704075396379405,0.7718567076821136,0.7718567076821136,0.1115698801860151,0.1115698801860151,True,True,0.2759975553807268,0.0009757360965008,False,False,,,,90260930
lognormal,500,3,Smooth plug-in,Fixed bandwidth,0.15,0.0,0.8600339509547705,0.0375438031456664,0.8318293782081901,0.7718567076821136,0.0282045727465803,0.0881772432726569,True,False,0.1471717083310125,0.0005322374102585,False,False,6.3282712403633915e-15,-1.040718485848524,,90260930
lognormal,500,3,Smooth plug-in,Exact reserve,0.15,0.0,0.845429273919292,0.057165917945039,0.7718567076821136,0.7718567076821136,0.0735725662371784,0.0735725662371784,True,True,0.2240903983445529,0.000339180015374,False,False,,,,90260930
lognormal,500,4,Monotone fixed,Fixed bandwidth,0.15,0.1304349796924862,0.8091903183017629,0.0246165809795911,0.8318293782081901,0.7718567076821136,-0.0226390599064272,0.0373336106196493,True,True,0.0964969974399972,6.925066214247266e-05,False,False,-4.1211478674085813e-16,-1.373011216428832,,90260930
lognormal,500,4,Monotone fixed,Exact reserve,0.15,0.1304349796924862,0.7604899700655189,0.0369647401010133,0.7718567076821136,0.7718567076821136,-0.0113667376165946,-0.0113667376165946,True,True,0.1449017811959723,4.5710910279161965e-06,False,False,,,,90260930
lognormal,500,4,Monotone adaptive,Fixed bandwidth,0.15,0.4166666666666667,0.8131473097405709,0.0258509115722293,0.8318293782081901,0.7718567076821136,-0.0186820684676192,0.0412906020584573,True,True,0.1013355733631391,8.695807225356234e-05,False,False,-2.389199948993337e-15,-1.362556807773876,,90260930
lognormal,500,4,Monotone adaptive,Exact reserve,0.15,0.4166666666666667,0.7663059137013893,0.0393337694321907,0.7718567076821136,0.7718567076821136,-0.0055507939807242,-0.0055507939807242,True,True,0.1541883761741875,1.1369845780428989e-06,False,False,,,,90260930
lognormal,500,4,Empirical DML,Fixed bandwidth,0.15,0.0,0.8090603957800225,0.0245934879897011,0.8318293782081901,0.7718567076821136,-0.0227689824281676,0.0372036880979089,True,True,0.0964064729196284,6.87101142256008e-05,False,False,-5.897504706808832e-16,-1.3824960308464451,,90260930
lognormal,500,4,Empirical DML,Exact reserve,0.15,0.0,0.7603122715596736,0.0367123817206184,0.7718567076821136,0.7718567076821136,-0.0115444361224399,-0.0115444361224399,True,True,0.1439125363448243,4.709065985153416e-06,False,False,,,,90260930
lognormal,500,4,Smooth plug-in,Fixed bandwidth,0.15,0.0,0.8115744503838022,0.0245017622976518,0.8318293782081901,0.7718567076821136,-0.0202549278243879,0.0397177427016885,True,True,0.0960469082067954,7.962744904532748e-05,False,False,4.440892098500626e-16,-1.331609585585869,,90260930
lognormal,500,4,Smooth plug-in,Exact reserve,0.15,0.0,0.7649504665213935,0.0367633578316519,0.7718567076821136,0.7718567076821136,-0.00690624116072,-0.00690624116072,True,True,0.1441123627000756,1.7429181957684392e-06,False,False,,,,90260930
lognormal,500,5,Monotone fixed,Fixed bandwidth,0.15,0.1304349796924862,0.7886356636138614,0.0209445753274364,0.8318293782081901,0.7718567076821136,-0.0431937145943287,0.0167789559317478,False,True,0.0821027352835509,1.2166023352300217e-05,False,False,-5.062616992290713e-16,-1.408959068301363,,90260930
lognormal,500,5,Monotone fixed,Exact reserve,0.15,0.1304349796924862,0.7393063968232927,0.0297486486092378,0.7718567076821136,0.7718567076821136,-0.0325503108588208,-0.0325503108588208,True,True,0.1166147025482123,3.204057009775774e-05,False,False,,,,90260930
lognormal,500,5,Monotone adaptive,Fixed bandwidth,0.15,0.6666666666666666,0.7903493644319577,0.0222579576086321,0.8318293782081901,0.7718567076821136,-0.0414800137762324,0.0184926567498441,True,True,0.087251193825838,1.4954069020856052e-05,False,False,-4.440892098500626e-18,-1.459298809532914,,90260930
lognormal,500,5,Monotone adaptive,Exact reserve,0.15,0.6666666666666666,0.7429444928481531,0.0326112591044114,0.7718567076821136,0.7718567076821136,-0.0289122148339604,-0.0289122148339604,True,True,0.1278361356892928,2.5978727118625144e-05,False,False,,,,90260930
lognormal,500,5,Empirical DML,Fixed bandwidth,0.15,0.0,0.7895643757116286,0.0206466126738451,0.8318293782081901,0.7718567076821136,-0.0422650024965615,0.017707668029515,False,True,0.0809347216814728,1.3637481446560074e-05,False,False,1.5678875975311258e-11,-1.4080733111250998,,90260930
lognormal,500,5,Empirical DML,Exact reserve,0.15,0.0,0.7409048234335631,0.0288467120641813,0.7718567076821136,0.7718567076821136,-0.0309518842485504,-0.0309518842485504,True,True,0.1130791112915909,2.9321416319838537e-05,False,False,,,,90260930
lognormal,500,5,Smooth plug-in,Fixed bandwidth,0.15,0.0,0.7855523336900632,0.0204741715259905,0.8318293782081901,0.7718567076821136,-0.0462770445181269,0.0136956260079496,False,True,0.0802587523818827,7.933744219146277e-06,False,False,-1.1102230246251563e-16,-1.4126771798284032,,90260930
lognormal,500,5,Smooth plug-in,Exact reserve,0.15,0.0,0.7331374684698704,0.0293102362984537,0.7718567076821136,0.7718567076821136,-0.0387192392122431,-0.0387192392122431,True,True,0.1148961262899387,4.326914198227172e-05,False,False,,,,90260930
lognormal,500,6,Monotone fixed,Fixed bandwidth,0.15,0.1304349796924862,0.7958615016655652,0.0248189327628111,0.8318293782081901,0.7718567076821136,-0.0359678765426249,0.0240047939834516,True,True,0.0972902164302197,2.616970767688187e-05,False,False,-6.572520305780925e-17,-1.3418452088186503,,90260930
lognormal,500,6,Monotone fixed,Exact reserve,0.15,0.1304349796924862,0.7502563986061341,0.0365975570561355,0.7718567076821136,0.7718567076821136,-0.0216003090759794,-0.0216003090759794,True,True,0.1434624236600513,1.5311813735818802e-05,False,False,,,,90260930
lognormal,500,6,Monotone adaptive,Fixed bandwidth,0.15,0.5,0.7943161212556596,0.02426433168505,0.8318293782081901,0.7718567076821136,-0.0375132569525304,0.022459413573546,True,True,0.0951161802053961,2.266765975234009e-05,False,False,3.092949185656835e-11,-1.3675425082597403,,90260930
lognormal,500,6,Monotone adaptive,Exact reserve,0.15,0.5,0.7464576804266096,0.037075575457455,0.7718567076821136,0.7718567076821136,-0.0253990272555039,-0.0253990272555039,True,True,0.1453362557932237,2.05819673848584e-05,False,False,,,,90260930
lognormal,500,6,Empirical DML,Fixed bandwidth,0.15,0.0,0.7965538999254259,0.0248307791176308,0.8318293782081901,0.7718567076821136,-0.0352754782827642,0.0246971922433123,True,True,0.097336654141113,2.783247857096605e-05,False,False,3.8191672047105384e-16,-1.343224308373463,,90260930
lognormal,500,6,Empirical DML,Exact reserve,0.15,0.0,0.7515770413886299,0.0364670215042696,0.7718567076821136,0.7718567076821136,-0.0202796662934836,-0.0202796662934836,True,True,0.142950724296737,1.3629233842848976e-05,False,False,,,,90260930
lognormal,500,6,Smooth plug-in,Fixed bandwidth,0.15,0.0,0.793017745461974,0.0232762738230563,0.8318293782081901,0.7718567076821136,-0.0388116327462161,0.0211610377798604,True,True,0.0912429933863807,1.994425483009543e-05,False,False,-1.5543122344752197e-15,-1.3862764085431634,,90260930
lognormal,500,6,Smooth plug-in,Exact reserve,0.15,0.0,0.7457986762285943,0.0343778215411541,0.7718567076821136,0.7718567076821136,-0.0260580314535192,-0.0260580314535192,True,True,0.1347610604413242,2.1557729809940085e-05,False,False,,,,90260930
lognormal,500,7,Monotone fixed,Fixed bandwidth,0.15,0.1304349796924862,0.8025368743688684,0.025971869351352,0.8318293782081901,0.7718567076821136,-0.0292925038393216,0.0306801666867548,True,True,0.1018097278573001,4.472917952513811e-05,False,False,-2.4158453015843413e-16,-1.6727828807682954,,90260930
lognormal,500,7,Monotone fixed,Exact reserve,0.15,0.1304349796924862,0.7805955778257476,0.0387756768430258,0.7718567076821136,0.7718567076821136,0.008738870143634,0.008738870143634,True,True,0.1520006532246613,3.119964214759463e-06,False,False,,,,90260930
lognormal,500,7,Monotone adaptive,Fixed bandwidth,0.15,0.3333333333333333,0.78859096666224,0.0210844274749019,0.8318293782081901,0.7718567076821136,-0.04323841154595,0.0167342589801264,False,True,0.0826509557016155,1.2097587703374655e-05,False,False,-3.8744789598865734e-12,-1.631169981368816,,90260930
lognormal,500,7,Monotone adaptive,Exact reserve,0.15,0.3333333333333333,0.7559518491720923,0.0302228509620946,0.7718567076821136,0.7718567076821136,-0.0159048585100212,-0.0159048585100212,True,True,0.1184735757714111,8.657634235076372e-06,False,False,,,,90260930
lognormal,500,7,Empirical DML,Fixed bandwidth,0.15,0.0,0.8113338610493614,0.0287516608574984,0.8318293782081901,0.7718567076821136,-0.0204955171588286,0.0394771533672478,True,True,0.1127065105613938,7.854049270705765e-05,False,False,4.973799150320702e-17,-1.7786898929825057,,90260930
lognormal,500,7,Empirical DML,Exact reserve,0.15,0.0,0.7966688985821073,0.0440626027697234,0.7718567076821136,0.7718567076821136,0.0248121908999937,0.0248121908999937,True,True,0.172725402857316,2.811432236304867e-05,False,False,,,,90260930
lognormal,500,7,Smooth plug-in,Fixed bandwidth,0.15,0.0,0.7865681427991935,0.0208254666059821,0.8318293782081901,0.7718567076821136,-0.0452612354089966,0.0147114351170799,False,True,0.0816358290954498,9.219340837196556e-06,False,False,2.220446049250313e-16,-1.6691539595642402,,90260930
lognormal,500,7,Smooth plug-in,Exact reserve,0.15,0.0,0.7524682515225847,0.0298451347728682,0.7718567076821136,0.7718567076821136,-0.0193884561595288,-0.0193884561595288,True,True,0.1169929283096433,1.2539892956020536e-05,False,False,,,,90260930
lognormal,500,8,Monotone fixed,Fixed bandwidth,0.15,0.1304349796924862,0.8411312005873074,0.0320718671759173,0.8318293782081901,0.7718567076821136,0.0093018223791172,0.0692744929051938,True,False,0.125721719329596,0.0002928212418582,False,False,2.664535259100376e-18,-1.496285427417089,,90260930
lognormal,500,8,Monotone fixed,Exact reserve,0.15,0.1304349796924862,0.8258577338352617,0.0452767148323655,0.7718567076821136,0.7718567076821136,0.0540010261531481,0.0540010261531481,True,True,0.1774847221428728,0.0001615656404851,False,False,,,,90260930
lognormal,500,8,Monotone adaptive,Fixed bandwidth,0.15,0.3333333333333333,0.8391355561543505,0.0316913004077149,0.8318293782081901,0.7718567076821136,0.0073061779461603,0.0672788484722369,True,False,0.1242298975982426,0.0002727825439252,False,False,-2.156008704901069e-11,-1.4701876380564305,,90260930
lognormal,500,8,Monotone adaptive,Exact reserve,0.15,0.3333333333333333,0.8219916471052273,0.0445614402578746,0.7718567076821136,0.7718567076821136,0.0501349394231137,0.0501349394231137,True,True,0.1746808458108687,0.0001358300577265,False,False,,,,90260930
lognormal,500,8,Empirical DML,Fixed bandwidth,0.15,0.0,0.8414942167279843,0.0322351340834739,0.8318293782081901,0.7718567076821136,0.0096648385197941,0.0696375090458707,True,False,0.1263617256072179,0.0002965661012788,False,False,2.1882495815361831e-16,-1.5126628189462066,,90260930
lognormal,500,8,Empirical DML,Exact reserve,0.15,0.0,0.8267351305469296,0.0454013334215508,0.7718567076821136,0.7718567076821136,0.054878422864816,0.054878422864816,True,True,0.1779732270124793,0.0001678008101175,False,False,,,,90260930
lognormal,500,8,Smooth plug-in,Fixed bandwidth,0.15,0.0,0.8445518229229221,0.0318716137757117,0.8318293782081901,0.7718567076821136,0.0127224447147319,0.0726951152408085,True,False,0.12493672600079,0.0003293530828567,False,False,6.581624134582853e-12,-1.432630859531936,,90260930
lognormal,500,8,Smooth plug-in,Exact reserve,0.15,0.0,0.830255437671015,0.0450532584636149,0.7718567076821136,0.7718567076821136,0.0583987299889013,0.0583987299889013,True,True,0.1766087731773705,0.0001943401632191,False,False,,,,90260930
lognormal,500,9,Monotone fixed,Fixed bandwidth,0.15,0.1304349796924862,0.8233551603884135,0.0385011491119049,0.8318293782081901,0.7718567076821136,-0.0084742178197766,0.0514984527062999,True,True,0.1509245045186673,0.0001445885052671,False,False,-6.217248937900876e-16,-1.0142473228680515,,90260930
lognormal,500,9,Monotone fixed,Exact reserve,0.15,0.1304349796924862,0.7769610506514336,0.0601235199386187,0.7718567076821136,0.7718567076821136,0.00510434296932,0.00510434296932,True,True,0.2356841981593853,1.037515899637853e-06,False,False,,,,90260930
lognormal,500,9,Monotone adaptive,Fixed bandwidth,0.15,0.6666666666666666,0.8260338714127966,0.0375234662160419,0.8318293782081901,0.7718567076821136,-0.0057955067953935,0.054177163730683,True,True,0.1470919875668845,0.0001628055717461,False,False,2.2026824808563103e-16,-1.0199947829160647,,90260930
lognormal,500,9,Monotone adaptive,Exact reserve,0.15,0.6666666666666666,0.7834298129746592,0.0578949587621712,0.7718567076821136,0.7718567076821136,0.0115731052925456,0.0115731052925456,True,True,0.2269482383477112,5.581951445510214e-06,False,False,,,,90260930
lognormal,500,9,Empirical DML,Fixed bandwidth,0.15,0.0,0.8223548862257128,0.0383831138399158,0.8318293782081901,0.7718567076821136,-0.0094744919824772,0.0504981785435992,True,True,0.15046180625247,0.0001381298890119,False,False,7.851497230149107e-16,-1.0153795662712106,,90260930
lognormal,500,9,Empirical DML,Exact reserve,0.15,0.0,0.7748414161531465,0.060092393884657,0.7718567076821136,0.7718567076821136,0.0029847084710329,0.0029847084710329,True,True,0.2355621840278556,3.493883717897717e-07,False,False,,,,90260930
lognormal,500,9,Smooth plug-in,Fixed bandwidth,0.15,0.0,0.8263063862760143,0.033602827992223,0.8318293782081901,0.7718567076821136,-0.0055229919321758,0.0544496785939007,True,True,0.1317230857295142,0.0001647352911149,False,False,1.1102230246251563e-16,-1.0546836289127004,,90260930
lognormal,500,9,Smooth plug-in,Exact reserve,0.15,0.0,0.7859888943384953,0.0504251913728369,0.7718567076821136,0.7718567076821136,0.0141321866563817,0.0141321866563817,True,True,0.1976667501815207,8.473371072570401e-06,False,False,,,,90260930
lognormal,500,10,Monotone fixed,Fixed bandwidth,0.15,0.1304349796924862,0.7941315599763196,0.0239061912932201,0.8318293782081901,0.7718567076821136,-0.0376978182318705,0.022274852294206,True,True,0.0937122698694229,2.2268650221590747e-05,False,False,-2.3118850833725445e-11,-1.6253801395183662,,90260930
lognormal,500,10,Monotone fixed,Exact reserve,0.15,0.1304349796924862,0.7547547184743799,0.0325339148216316,0.7718567076821136,0.7718567076821136,-0.0171019892077336,-0.0171019892077336,True,True,0.1275329461007959,9.92235786045903e-06,False,False,,,,90260930
lognormal,500,10,Monotone adaptive,Fixed bandwidth,0.15,0.1666666666666666,0.7932191769081824,0.0230778071234028,0.8318293782081901,0.7718567076821136,-0.0386102013000076,0.0213624692260688,True,True,0.090465003923739,2.0353875237910657e-05,False,False,-7.034373084024992e-16,-1.628976359812686,,90260930
lognormal,500,10,Monotone adaptive,Exact reserve,0.15,0.1666666666666666,0.7527202057820143,0.030917398788494,0.7718567076821136,0.7718567076821136,-0.0191365019000993,-0.0191365019000993,True,True,0.1211962032508966,1.2238846526679836e-05,False,False,,,,90260930
lognormal,500,10,Empirical DML,Fixed bandwidth,0.15,0.0,0.7956192914005144,0.0243842223604843,0.8318293782081901,0.7718567076821136,-0.0362100868076757,0.0237625837184007,True,True,0.0955861516530984,2.5601870500269183e-05,False,False,-4.973799150320702e-17,-1.6351355480391303,,90260930
lognormal,500,10,Empirical DML,Exact reserve,0.15,0.0,0.7576437937361357,0.0335609432060219,0.7718567076821136,0.7718567076821136,-0.0142129139459779,-0.0142129139459779,True,True,0.131558897367606,6.999887435243934e-06,False,False,,,,90260930
lognormal,500,10,Smooth plug-in,Fixed bandwidth,0.15,0.0,0.7904622658241688,0.0233762212423132,0.8318293782081901,0.7718567076821136,-0.0413671123840213,0.0186055581420552,True,True,0.0916347872698679,1.5149069566566808e-05,False,False,0.0,-1.5585254665978487,,90260930
lognormal,500,10,Smooth plug-in,Exact reserve,0.15,0.0,0.7442871183258998,0.0320412233508726,0.7718567076821136,0.7718567076821136,-0.0275695893562137,-0.0275695893562137,True,True,0.1256015955354207,2.386047072877595e-05,False,False,,,,90260930
lognormal,500,1,Initialization fixed,Fixed bandwidth,0.15,0.1304349796924862,0.8409809191627998,0.0406828608178857,0.8318293782081901,0.7718567076821136,0.0091515409546096,0.0691242114806862,True,True,0.159476814406112,0.0002912801283876,False,False,-6.750155989720952e-17,-1.010241795434772,,90260930
lognormal,500,1,Initialization fixed,Exact reserve,0.15,0.1304349796924862,0.8115255179852215,0.060518917810531,0.7718567076821136,0.7718567076821136,0.0396688103031079,0.0396688103031079,True,True,0.2372341578172815,7.940537839967732e-05,False,False,,,,90260930
lognormal,500,1,Initialization adaptive,Fixed bandwidth,0.15,0.8333333333333334,0.8406931005276035,0.0423772927267789,0.8318293782081901,0.7718567076821136,0.0088637223194133,0.0688363928454899,True,True,0.1661189874889734,0.0002883432595683,False,False,1.7763568394002505e-17,-1.0251265985768845,,90260930
lognormal,500,1,Initialization adaptive,Exact reserve,0.15,0.8333333333333334,0.8143154877094003,0.0632248704477182,0.7718567076821136,0.7718567076821136,0.0424587800272867,0.0424587800272867,True,True,0.2478414921550555,9.2658427512049e-05,False,False,,,,90260930
lognormal,500,1,Initialization matched,Fixed bandwidth,0.15,1.0,0.8353347450318231,0.0422326913996724,0.8318293782081901,0.7718567076821136,0.003505366823633,0.0634780373497095,True,True,0.1655521502867161,0.0002371163341265,False,False,3.7303493627405256e-17,-1.034455427394878,,90260930
lognormal,500,1,Initialization matched,Exact reserve,0.15,1.0,0.8035987767178396,0.0629388825346797,0.7718567076821136,0.7718567076821136,0.031742069035726,0.031742069035726,True,True,0.2467204195359444,4.822258251446776e-05,False,False,,,,90260930
lognormal,500,2,Initialization fixed,Fixed bandwidth,0.15,0.1304349796924862,0.9013888839044856,0.0379183911547026,0.8318293782081901,0.7718567076821136,0.0695595056962955,0.1295321762223721,True,False,0.1486400933264345,0.0014520701900855,False,False,-2.028557943845044e-11,-1.2208461298109885,,90260930
lognormal,500,2,Initialization fixed,Exact reserve,0.15,0.1304349796924862,0.8959308480581665,0.0555070061249805,0.7718567076821136,0.7718567076821136,0.1240741403760529,0.1240741403760529,False,False,0.2175874640099235,0.0012933922768512,False,False,,,,90260930
lognormal,500,2,Initialization adaptive,Fixed bandwidth,0.15,0.6666666666666666,0.8996022016974747,0.0385569716310577,0.8318293782081901,0.7718567076821136,0.0677728234892846,0.1277454940153611,True,False,0.1511433287937462,0.0013987215046926,False,False,2.2382096176443156e-16,-1.2080868256919697,,90260930
lognormal,500,2,Initialization adaptive,Exact reserve,0.15,0.6666666666666666,0.8926892007756511,0.0567170716379767,0.7718567076821136,0.7718567076821136,0.1208324930935375,0.1208324930935375,False,False,0.222330920820869,0.0012050702020209,False,False,,,,90260930
lognormal,500,2,Initialization matched,Fixed bandwidth,0.15,0.6666666666666666,0.8996022016974747,0.0385569716310577,0.8318293782081901,0.7718567076821136,0.0677728234892846,0.1277454940153611,True,False,0.1511433287937462,0.0013987215046926,False,False,2.2382096176443156e-16,-1.2080868256919697,,90260930
lognormal,500,2,Initialization matched,Exact reserve,0.15,0.6666666666666666,0.8927854217395438,0.0566586506728145,0.7718567076821136,0.7718567076821136,0.1209287140574302,0.1209287140574302,False,False,0.2221019106374328,0.0012076299176544,False,False,,,,90260930
lognormal,500,3,Initialization fixed,Fixed bandwidth,0.15,0.1304349796924862,0.880358576199474,0.0442030087743029,0.8318293782081901,0.7718567076821136,0.0485291979912838,0.1085018685173604,True,False,0.1732757943952674,0.0009069425760814,False,False,-2.9737865503420836e-12,-1.0158599563493187,,90260930
lognormal,500,3,Initialization fixed,Exact reserve,0.15,0.1304349796924862,0.8784993043344194,0.0686627445739684,0.7718567076821136,0.7718567076821136,0.1066425966523058,0.1066425966523058,True,True,0.2691579587299564,0.0008669115487076,False,False,,,,90260930
lognormal,500,3,Initialization adaptive,Fixed bandwidth,0.15,0.4166666666666667,0.8669459761621994,0.0478100299154704,0.8318293782081901,0.7718567076821136,0.0351165979540092,0.0950892684800858,True,False,0.187415317268644,0.0006447359602896,False,False,-2.2737367544323206e-16,-0.9358527593200348,,90260930
lognormal,500,3,Initialization adaptive,Exact reserve,0.15,0.4166666666666667,0.8543072113794802,0.0762913705667825,0.7718567076821136,0.7718567076821136,0.0824505036973666,0.0824505036973666,True,True,0.2990621726217876,0.0004496518427974,False,False,,,,90260930
lognormal,500,3,Initialization matched,Fixed bandwidth,0.15,0.6666666666666666,0.8674565866119882,0.0476026006963153,0.8318293782081901,0.7718567076821136,0.035627208403798,0.0955998789298746,True,False,0.1866021947295563,0.0006536293913002,False,False,-1.300415775062902e-12,-0.9714321225814792,,90260930
lognormal,500,3,Initialization matched,Exact reserve,0.15,0.6666666666666666,0.8543256700447249,0.0755047053140978,0.7718567076821136,0.7718567076821136,0.0824689623626113,0.0824689623626113,True,True,0.2959784448312635,0.0004499031829376,False,False,,,,90260930
lognormal,500,4,Initialization fixed,Fixed bandwidth,0.15,0.1304349796924862,0.8091720938602439,0.0246526457765932,0.8318293782081901,0.7718567076821136,-0.0226572843479462,0.0373153861781303,True,True,0.0966383714442456,6.917469106837437e-05,False,False,-2.7711166694643907e-16,-1.3735806534249573,,90260930
lognormal,500,4,Initialization fixed,Exact reserve,0.15,0.1304349796924862,0.7604509207706406,0.0370271809821944,0.7718567076821136,0.7718567076821136,-0.0114057869114729,-0.0114057869114729,True,True,0.1451465494502022,4.60128832169282e-06,False,False,,,,90260930
lognormal,500,4,Initialization adaptive,Fixed bandwidth,0.15,0.4166666666666667,0.8131205215331838,0.0259088811187071,0.8318293782081901,0.7718567076821136,-0.0187088566750063,0.0412638138510702,True,True,0.1015628139853318,8.682986535646364e-05,False,False,-2.3909763058327373e-15,-1.3634554472000993,,90260930
lognormal,500,4,Initialization adaptive,Exact reserve,0.15,0.4166666666666667,0.7662523372866151,0.0394660270300181,0.7718567076821136,0.7718567076821136,-0.0056043703954984,-0.0056043703954984,True,True,0.154706825957671,1.1586241370764585e-06,False,False,,,,90260930
lognormal,500,4,Initialization matched,Fixed bandwidth,0.15,0.4166666666666667,0.8131205215331838,0.0259088811187071,0.8318293782081901,0.7718567076821136,-0.0187088566750063,0.0412638138510702,True,True,0.1015628139853318,8.682986535646364e-05,False,False,-2.3909763058327373e-15,-1.3634554472000993,,90260930
lognormal,500,4,Initialization matched,Exact reserve,0.15,0.4166666666666667,0.7662523372866151,0.0394660270300181,0.7718567076821136,0.7718567076821136,-0.0056043703954984,-0.0056043703954984,True,True,0.154706825957671,1.1586241370764585e-06,False,False,,,,90260930
lognormal,500,5,Initialization fixed,Fixed bandwidth,0.15,0.1304349796924862,0.7885334169795637,0.020970790229375,0.8318293782081901,0.7718567076821136,-0.0432959612286264,0.0166767092974501,False,True,0.0822054976991501,1.2009616229047282e-05,False,False,-8.091305403468141e-16,-1.4085905129149623,,90260930
lognormal,500,5,Initialization fixed,Exact reserve,0.15,0.1304349796924862,0.7391178083613742,0.0298094148302682,0.7718567076821136,0.7718567076821136,-0.0327388993207393,-0.0327388993207393,True,True,0.1168529061346515,3.2366904078928727e-05,False,False,,,,90260930
lognormal,500,5,Initialization adaptive,Fixed bandwidth,0.15,0.6666666666666666,0.7897844710041797,0.0222750082105752,0.8318293782081901,0.7718567076821136,-0.0420449072040104,0.0179277633220661,True,True,0.087318032185455,1.3999851114387951e-05,False,False,6.7416392468544465e-12,-1.4611534256290115,,90260930
lognormal,500,5,Initialization adaptive,Exact reserve,0.15,0.6666666666666666,0.7420548751662833,0.0326689037994681,0.7718567076821136,0.7718567076821136,-0.0298018325158302,-0.0298018325158302,True,True,0.1280621028939151,2.7418675997203937e-05,False,False,,,,90260930
lognormal,500,5,Initialization matched,Fixed bandwidth,0.15,0.6666666666666666,0.7897844710041797,0.0222750082105752,0.8318293782081901,0.7718567076821136,-0.0420449072040104,0.0179277633220661,True,True,0.087318032185455,1.3999851114387951e-05,False,False,6.7416392468544465e-12,-1.4611534256290115,,90260930
lognormal,500,5,Initialization matched,Exact reserve,0.15,0.6666666666666666,0.7420548751662833,0.0326689037994681,0.7718567076821136,0.7718567076821136,-0.0298018325158302,-0.0298018325158302,True,True,0.1280621028939151,2.7418675997203937e-05,False,False,,,,90260930
lognormal,500,6,Initialization fixed,Fixed bandwidth,0.15,0.1304349796924862,0.7956469827885851,0.0247883608828039,0.8318293782081901,0.7718567076821136,-0.0361823954196049,0.0237902751064715,True,True,0.0971703746605916,2.5666318995032356e-05,False,False,-3.552713678800501e-18,-1.3421586014569442,,90260930
lognormal,500,6,Initialization fixed,Exact reserve,0.15,0.1304349796924862,0.7498793287793208,0.0365873086251109,0.7718567076821136,0.7718567076821136,-0.0219773789027927,-0.0219773789027927,True,True,0.143422249810435,1.5806870223844527e-05,False,False,,,,90260930
lognormal,500,6,Initialization adaptive,Fixed bandwidth,0.15,0.6666666666666666,0.7918784412446873,0.024238674291769,0.8318293782081901,0.7718567076821136,-0.0399509369635028,0.0200217335625737,True,True,0.0950156032237347,1.7715213264546392e-05,False,False,1.0818013151947525e-15,-1.4150219762468463,,90260930
lognormal,500,6,Initialization adaptive,Exact reserve,0.15,0.6666666666666666,0.7427249257073696,0.0381960362099796,0.7718567076821136,0.7718567076821136,-0.0291317819747439,-0.0291317819747439,True,True,0.1497284619431202,2.633149617548014e-05,False,False,,,,90260930
lognormal,500,6,Initialization matched,Fixed bandwidth,0.15,0.5,0.7939297576763108,0.0241642154566468,0.8318293782081901,0.7718567076821136,-0.0378996205318793,0.0220730499941972,True,True,0.0947237245900556,2.183670592770248e-05,False,False,-2.524041420315371e-12,-1.3724478428768272,,90260930
lognormal,500,6,Initialization matched,Exact reserve,0.15,0.5,0.745684953267912,0.0371290611952706,0.7718567076821136,0.7718567076821136,-0.0261717544142016,-0.0261717544142016,True,True,0.1455459198854608,2.172786215615119e-05,False,False,,,,90260930
lognormal,500,7,Initialization fixed,Fixed bandwidth,0.15,0.1304349796924862,0.8036474672979166,0.0260207959496092,0.8318293782081901,0.7718567076821136,-0.0281819109102735,0.031790759615803,True,True,0.102001520122468,4.838662285311379e-05,False,False,-9.058734207201268e-12,-1.6698780409916836,,90260930
lognormal,500,7,Initialization fixed,Exact reserve,0.15,0.1304349796924862,0.7822721340388857,0.0388298952899786,0.7718567076821136,0.7718567076821136,0.0104154263567721,0.0104154263567721,True,True,0.1522131895367161,4.484476333832532e-06,False,False,,,,90260930
lognormal,500,7,Initialization adaptive,Fixed bandwidth,0.15,0.5,0.7967790216404649,0.0217289598978738,0.8318293782081901,0.7718567076821136,-0.0350503565677252,0.0249223139583513,True,True,0.0851775227996653,2.8385737465885796e-05,False,False,1.3855583347321954e-16,-1.575499177824886,,90260930
lognormal,500,7,Initialization adaptive,Exact reserve,0.15,0.5,0.771893127704502,0.0313124426610605,0.7718567076821136,0.7718567076821136,3.6420022388461426e-05,3.6420022388461426e-05,True,True,0.1227447752313575,6.767408855523627e-11,False,False,,,,90260930
lognormal,500,7,Initialization matched,Fixed bandwidth,0.15,0.3333333333333333,0.7923470222905814,0.0213395473259553,0.8318293782081901,0.7718567076821136,-0.0394823559176087,0.0204903146084678,True,True,0.0836510255177449,1.8614055184107418e-05,False,False,1.398881011027697e-16,-1.6059076222158697,,90260930
lognormal,500,7,Initialization matched,Exact reserve,0.15,0.3333333333333333,0.7613340070842883,0.0305397102364125,0.7718567076821136,0.7718567076821136,-0.0105227005978252,-0.0105227005978252,True,True,0.1197156641267372,3.941573414101285e-06,False,False,,,,90260930
lognormal,500,8,Initialization fixed,Fixed bandwidth,0.15,0.1304349796924862,0.8407862838348699,0.0315838972808002,0.8318293782081901,0.7718567076821136,0.0089569056266797,0.0689295761527563,True,False,0.123808877340737,0.0002892918936781,False,False,9.903189379656395e-17,-1.494920657281651,,90260930
lognormal,500,8,Initialization fixed,Exact reserve,0.15,0.1304349796924862,0.8254067738835992,0.0444715501870169,0.7718567076821136,0.7718567076821136,0.0535500662014856,0.0535500662014856,True,True,0.1743284767331065,0.0001584188435179,False,False,,,,90260930
lognormal,500,8,Initialization adaptive,Fixed bandwidth,0.15,0.5,0.8383999517735823,0.0320032568143572,0.8318293782081901,0.7718567076821136,0.0065705735653921,0.0665432440914687,True,False,0.1254527667122802,0.0002656269000995,False,False,-1.341149413747189e-16,-1.427742504498135,,90260930
lognormal,500,8,Initialization adaptive,Exact reserve,0.15,0.5,0.8197618865132411,0.045362265625922,0.7718567076821136,0.7718567076821136,0.0479051788311275,0.0479051788311275,True,True,0.1778200812536143,0.0001222346911216,False,False,,,,90260930
lognormal,500,8,Initialization matched,Fixed bandwidth,0.15,0.3333333333333333,0.8390616948080863,0.0316727431815178,0.8318293782081901,0.7718567076821136,0.0072323165998962,0.0672049871259727,True,False,0.12415715327155,0.000272058256107,False,False,-1.4342687926216512e-11,-1.4700221288609303,,90260930
lognormal,500,8,Initialization matched,Exact reserve,0.15,0.3333333333333333,0.8218537922120895,0.0445331351311283,0.7718567076821136,0.7718567076821136,0.0499970845299759,0.0499970845299759,True,True,0.1745698897140231,0.0001349637000569,False,False,,,,90260930
lognormal,500,9,Initialization fixed,Fixed bandwidth,0.15,0.1304349796924862,0.8233584844905333,0.0385207769389067,0.8318293782081901,0.7718567076821136,-0.0084708937176568,0.0515017768084197,True,True,0.1510014456005144,0.0001446102874171,False,False,-3.588240815588506e-16,-1.013968671434391,,90260930
lognormal,500,9,Initialization fixed,Exact reserve,0.15,0.1304349796924862,0.7769542922007069,0.0601590911326121,0.7718567076821136,0.7718567076821136,0.0050975845185933,0.0050975845185933,True,True,0.2358236372398396,1.034734324889541e-06,False,False,,,,90260930
lognormal,500,9,Initialization adaptive,Fixed bandwidth,0.15,0.6666666666666666,0.826210941830231,0.0376767847098489,0.8318293782081901,0.7718567076821136,-0.0056184363779591,0.0543542341481174,True,True,0.1476929960626077,0.0001640576598089,False,False,6.039613253960852e-17,-1.0182153276594796,,90260930
lognormal,500,9,Initialization adaptive,Exact reserve,0.15,0.6666666666666666,0.7836749197074913,0.0581564539485598,0.7718567076821136,0.7718567076821136,0.0118182120253776,0.0118182120253776,True,True,0.2279732994783545,5.830878732959732e-06,False,False,,,,90260930
lognormal,500,9,Initialization matched,Fixed bandwidth,0.15,0.6666666666666666,0.826210941830231,0.0376767847098489,0.8318293782081901,0.7718567076821136,-0.0056184363779591,0.0543542341481174,True,True,0.1476929960626077,0.0001640576598089,False,False,6.039613253960852e-17,-1.0182153276594796,,90260930
lognormal,500,9,Initialization matched,Exact reserve,0.15,0.6666666666666666,0.7836749197074913,0.0581564539485598,0.7718567076821136,0.7718567076821136,0.0118182120253776,0.0118182120253776,True,True,0.2279732994783545,5.830878732959732e-06,False,False,,,,90260930
lognormal,500,10,Initialization fixed,Fixed bandwidth,0.15,0.1304349796924862,0.7936478242596189,0.0236224414393543,0.8318293782081901,0.7718567076821136,-0.0381815539485712,0.0217911165775053,True,True,0.092599970442269,2.1241381698011708e-05,False,False,-2.2026824808563103e-16,-1.6249126399982217,,90260930
lognormal,500,10,Initialization fixed,Exact reserve,0.15,0.1304349796924862,0.7539922113507063,0.0320286797430272,0.7718567076821136,0.7718567076821136,-0.0178644963314072,-0.0178644963314072,True,True,0.1255524245926667,1.0766319173294292e-05,False,False,,,,90260930
lognormal,500,10,Initialization adaptive,Fixed bandwidth,0.15,0.1666666666666666,0.7927430252003823,0.0224578769238276,0.8318293782081901,0.7718567076821136,-0.0390863530078078,0.0208863175182687,True,True,0.0880348775414042,1.939308901133252e-05,False,False,-6.643574579356938e-16,-1.6340152456005086,,90260930
lognormal,500,10,Initialization adaptive,Exact reserve,0.15,0.1666666666666666,0.7521880872118599,0.0298809743218595,0.7718567076821136,0.7718567076821136,-0.0196686204702536,-0.0196686204702536,True,True,0.1171334193416894,1.2878263158322412e-05,False,False,,,,90260930
lognormal,500,10,Initialization matched,Fixed bandwidth,0.15,0.1666666666666666,0.7927430252003823,0.0224578769238276,0.8318293782081901,0.7718567076821136,-0.0390863530078078,0.0208863175182687,True,True,0.0880348775414042,1.939308901133252e-05,False,False,-6.643574579356938e-16,-1.6340152456005086,,90260930
lognormal,500,10,Initialization matched,Exact reserve,0.15,0.1666666666666666,0.7521880872118599,0.0298809743218595,0.7718567076821136,0.7718567076821136,-0.0196686204702536,-0.0196686204702536,True,True,0.1171334193416894,1.2878263158322412e-05,False,False,,,,90260930
lognormal,2000,1,Monotone fixed,Fixed bandwidth,0.15,0.0361445825096095,0.8073135154245675,0.0156291417726707,0.8318293782081901,0.7718567076821136,-0.0245158627836226,0.0354568077424539,True,False,0.0612662357488693,6.168648101345653e-05,False,False,9.14823772291129e-16,-1.1579812191585237,,90260930
lognormal,2000,1,Monotone fixed,Exact reserve,0.1136787424882798,0.0361445825096095,0.72049073396071,0.0319288675772838,0.7718567076821136,0.7718567076821136,-0.0513659737214036,-0.0513659737214036,True,True,0.1251611609029525,6.911704430789811e-05,False,False,,,,90260930
lognormal,2000,1,Monotone adaptive,Fixed bandwidth,0.15,0.6666666666666666,0.8095517364848662,0.0158783482671176,0.8318293782081901,0.7718567076821136,-0.0222776417233239,0.0376950288027526,True,False,0.062243125207101,7.076779344439288e-05,False,False,1.443317820815082e-11,-1.1695562982687324,,90260930
lognormal,2000,1,Monotone adaptive,Exact reserve,0.1136787424882798,0.5,0.7275277797315023,0.0327843617742851,0.7718567076821136,0.7718567076821136,-0.0443289279506112,-0.0443289279506112,True,True,0.1285146981551977,5.433967500967363e-05,False,False,,,,90260930
lognormal,2000,1,Empirical DML,Fixed bandwidth,0.15,0.0,0.8073268349123667,0.015594441106975,0.8318293782081901,0.7718567076821136,-0.0245025432958234,0.0354701272302531,True,False,0.0611302091393422,6.173842687418052e-05,False,False,1.1013412404281553e-15,-1.158741611683336,,90260930
lognormal,2000,1,Empirical DML,Exact reserve,0.1136787424882798,0.0,0.7209387133819865,0.0318118003717698,0.7718567076821136,0.7718567076821136,-0.0509179943001271,-0.0509179943001271,True,True,0.1247022574573379,6.815214748345788e-05,False,False,,,,90260930
lognormal,2000,1,Smooth plug-in,Fixed bandwidth,0.15,0.0,0.8066515101487859,0.0150262428657627,0.8318293782081901,0.7718567076821136,-0.0251778680594042,0.0347948024666723,True,False,0.05890287203379,5.914262173356555e-05,False,False,1.1102230246251563e-16,-1.1468946225778875,,90260930
lognormal,2000,1,Smooth plug-in,Exact reserve,0.1136787424882798,0.0,0.7071452346781297,0.0307779423964091,0.7718567076821136,0.7718567076821136,-0.0647114730039838,-0.0647114730039838,False,False,0.1206495341939238,9.88655003255623e-05,False,False,,,,90260930
lognormal,2000,2,Monotone fixed,Fixed bandwidth,0.15,0.0361445825096095,0.8020907094434823,0.0132928123475499,0.8318293782081901,0.7718567076821136,-0.0297386687647078,0.0302340017613687,False,False,0.0521078244023956,4.330722661305408e-05,False,False,1.205924249347845e-15,-1.4980288767597458,,90260930
lognormal,2000,2,Monotone fixed,Exact reserve,0.1136787424882798,0.0361445825096095,0.7537109028252844,0.0283657436120783,0.7718567076821136,0.7718567076821136,-0.0181458048568291,-0.0181458048568291,True,True,0.1111937149593472,1.108511100378351e-05,False,False,,,,90260930
lognormal,2000,2,Monotone adaptive,Fixed bandwidth,0.15,0.5,0.8050146954450978,0.0127074707509855,0.8318293782081901,0.7718567076821136,-0.0268146827630922,0.0331579877629842,False,False,0.0498132853438633,5.312350562158841e-05,False,False,-1.912267677539603e-12,-1.5249431587742357,,90260930
lognormal,2000,2,Monotone adaptive,Exact reserve,0.1136787424882798,0.6666666666666666,0.7694055316450129,0.0252924770655192,0.7718567076821136,0.7718567076821136,-0.0024511760371006,-0.0024511760371006,True,True,0.0991465100968354,2.2664641408098873e-07,False,False,,,,90260930
lognormal,2000,2,Empirical DML,Fixed bandwidth,0.15,0.0,0.8020480743741253,0.0133757543395025,0.8318293782081901,0.7718567076821136,-0.0297813038340648,0.0301913666920117,False,False,0.0524329570108498,4.3172690040504946e-05,False,False,1.1579626146840382e-15,-1.4976418963317415,,90260930
lognormal,2000,2,Empirical DML,Exact reserve,0.1136787424882798,0.0,0.7535701169336121,0.02888305339713,0.7718567076821136,0.7718567076821136,-0.0182865907485014,-0.0182865907485014,True,True,0.1132215693167497,1.124610660463432e-05,False,False,,,,90260930
lognormal,2000,2,Smooth plug-in,Fixed bandwidth,0.15,0.0,0.8032590974673198,0.0133215102048396,0.8318293782081901,0.7718567076821136,-0.0285702807408703,0.0314023897852062,False,False,0.0522203200029714,4.7088372933767886e-05,False,False,-1.2212453270876722e-15,-1.4997771626829026,,90260930
lognormal,2000,2,Smooth plug-in,Exact reserve,0.1136787424882798,0.0,0.7555651877065935,0.0284020044013348,0.7718567076821136,0.7718567076821136,-0.01629151997552,-0.01629151997552,True,True,0.1113358572532325,9.057958443303704e-06,False,False,,,,90260930
lognormal,2000,3,Monotone fixed,Fixed bandwidth,0.15,0.0361445825096095,0.8210542040888638,0.0158074153758403,0.8318293782081901,0.7718567076821136,-0.0107751741193263,0.0491974964067501,True,False,0.0619650682732943,0.0001300056481416,False,False,7.105427357601002e-18,-1.5814886807959816,,90260930
lognormal,2000,3,Monotone fixed,Exact reserve,0.1136787424882798,0.0361445825096095,0.8063626424899402,0.0333559496704918,0.7718567076821136,0.7718567076821136,0.0345059348078266,0.0345059348078266,True,True,0.130755322708328,5.805226925104101e-05,False,False,,,,90260930
lognormal,2000,3,Monotone adaptive,Fixed bandwidth,0.15,0.0,0.8211314506650986,0.0159071848809121,0.8318293782081901,0.7718567076821136,-0.0106979275430915,0.049274742982985,True,False,0.0623561647331756,0.0001304795625869,False,False,2.451372438372346e-16,-1.583188130264501,,90260930
lognormal,2000,3,Monotone adaptive,Exact reserve,0.1136787424882798,0.0,0.8068248031950143,0.0336701461010649,0.7718567076821136,0.7718567076821136,0.0349680955129007,0.0349680955129007,True,True,0.1319869727161744,5.980222895862752e-05,False,False,,,,90260930
lognormal,2000,3,Empirical DML,Fixed bandwidth,0.15,0.0,0.8211314506650986,0.0159071848809121,0.8318293782081901,0.7718567076821136,-0.0106979275430915,0.049274742982985,True,False,0.0623561647331756,0.0001304795625869,False,False,2.451372438372346e-16,-1.583188130264501,,90260930
lognormal,2000,3,Empirical DML,Exact reserve,0.1136787424882798,0.0,0.8068248031950143,0.0336701461010649,0.7718567076821136,0.7718567076821136,0.0349680955129007,0.0349680955129007,True,True,0.1319869727161744,5.980222895862752e-05,False,False,,,,90260930
lognormal,2000,3,Smooth plug-in,Fixed bandwidth,0.15,0.0,0.8199322033179702,0.0151986033347477,0.8318293782081901,0.7718567076821136,-0.0118971748902199,0.0480754956358566,True,False,0.0595785250722111,0.0001232416954419,False,False,4.423128530106624e-13,-1.571871262006086,,90260930
lognormal,2000,3,Smooth plug-in,Exact reserve,0.1136787424882798,0.0,0.8019380721310495,0.0311931683078631,0.7718567076821136,0.7718567076821136,0.0300813644489359,0.0300813644489359,True,True,0.1222772197668234,4.282689831303088e-05,False,False,,,,90260930
lognormal,2000,4,Monotone fixed,Fixed bandwidth,0.15,0.0361445825096095,0.8158788261195173,0.0149154764293797,0.8318293782081901,0.7718567076821136,-0.0159505520886727,0.0440221184374037,True,False,0.0584686676031688,0.0001006358963193,False,False,8.881784197001254e-19,-1.1793065227417807,,90260930
lognormal,2000,4,Monotone fixed,Exact reserve,0.1136787424882798,0.0361445825096095,0.7078339844957139,0.0304920393954217,0.7718567076821136,0.7718567076821136,-0.0640227231863996,-0.0640227231863996,False,False,0.1195287944300532,9.729666208113664e-05,False,False,,,,90260930
lognormal,2000,4,Monotone adaptive,Fixed bandwidth,0.15,0.3333333333333333,0.8157048945004557,0.015051676957401,0.8318293782081901,0.7718567076821136,-0.0161244837077344,0.0438481868183421,True,False,0.0590025736730119,9.972841086280936e-05,False,False,1.3322676295501878e-17,-1.1777152074876795,,90260930
lognormal,2000,4,Monotone adaptive,Exact reserve,0.1136787424882798,0.3333333333333333,0.7077732539429359,0.0312488210164044,0.7718567076821136,0.7718567076821136,-0.0640834537391776,-0.0640834537391776,False,False,0.1224953783843055,9.743490618330242e-05,False,False,,,,90260930
lognormal,2000,4,Empirical DML,Fixed bandwidth,0.15,0.0,0.8159087515723165,0.0148970712269172,0.8318293782081901,0.7718567076821136,-0.0159206266358736,0.0440520438902029,True,False,0.0583965192095155,0.00010079265997,False,False,2.842170943040401e-17,-1.1795296083378837,,90260930
lognormal,2000,4,Empirical DML,Exact reserve,0.1136787424882798,0.0,0.7080806313154939,0.0303882970531328,0.7718567076821136,0.7718567076821136,-0.0637760763666196,-0.0637760763666196,False,False,0.1191221244482808,9.673540753829536e-05,False,False,,,,90260930
lognormal,2000,4,Smooth plug-in,Fixed bandwidth,0.15,0.0,0.8155217323635032,0.014853335076194,0.8318293782081901,0.7718567076821136,-0.0163076458446869,0.0436650246813896,True,False,0.0582250734986805,9.8778136972566e-05,False,False,-1.1102230246251563e-16,-1.1756099202270276,,90260930
lognormal,2000,4,Smooth plug-in,Exact reserve,0.1136787424882798,0.0,0.7049198244062826,0.0297381581304298,0.7718567076821136,0.7718567076821136,-0.0669368832758309,-0.0669368832758309,False,False,0.1165735798712851,0.0001039479840561,False,False,,,,90260930
lognormal,2000,5,Monotone fixed,Fixed bandwidth,0.15,0.0361445825096095,0.8375610192087745,0.0183405335435183,0.8318293782081901,0.7718567076821136,0.0057316410005843,0.0657043115266609,True,False,0.071894891490592,0.0002576156951894,False,False,-6.235012506294879e-16,-1.2053746534252063,,90260930
lognormal,2000,5,Monotone fixed,Exact reserve,0.1136787424882798,0.0361445825096095,0.7782583140640948,0.0418387233260274,0.7718567076821136,0.7718567076821136,0.0064016063819812,0.0064016063819812,True,True,0.1640077954380275,1.6469681649589063e-06,False,False,,,,90260930
lognormal,2000,5,Monotone adaptive,Fixed bandwidth,0.15,1.0,0.8352698385804196,0.0177437810368527,0.8318293782081901,0.7718567076821136,0.0034404603722294,0.063413130898306,True,False,0.0695556216644629,0.0002365352530457,False,False,2.3092638912203258e-17,-1.1863090230708462,,90260930
lognormal,2000,5,Monotone adaptive,Exact reserve,0.1136787424882798,1.0,0.766632974837456,0.0398454220810159,0.7718567076821136,0.7718567076821136,-0.0052237328446576,-0.0052237328446576,True,True,0.1561940545575823,1.009303327803579e-06,False,False,,,,90260930
lognormal,2000,5,Empirical DML,Fixed bandwidth,0.15,0.0,0.8376779989829537,0.0183644515872841,0.8318293782081901,0.7718567076821136,0.0058486207747635,0.0658212913008401,True,False,0.071988650222154,0.0002587232575672,False,False,-3.907985046680551e-16,-1.2063082545953474,,90260930
lognormal,2000,5,Empirical DML,Exact reserve,0.1136787424882798,0.0,0.7788288911559617,0.0419063027014203,0.7718567076821136,0.7718567076821136,0.006972183473848,0.006972183473848,True,True,0.1642727065895676,1.9614790756072864e-06,False,False,,,,90260930
lognormal,2000,5,Smooth plug-in,Fixed bandwidth,0.15,0.0,0.8358887637517343,0.0181431625313438,0.8318293782081901,0.7718567076821136,0.0040593855435441,0.0640320560696207,True,False,0.0711211971228677,0.0002421157696579,False,False,2.220446049250313e-16,-1.187693592297756,,90260930
lognormal,2000,5,Smooth plug-in,Exact reserve,0.1136787424882798,0.0,0.7683315581122799,0.0414127762774049,0.7718567076821136,0.7718567076821136,-0.0035251495698336,-0.0035251495698336,True,True,0.1623380830074274,4.652077441047453e-07,False,False,,,,90260930
lognormal,2000,6,Monotone fixed,Fixed bandwidth,0.15,0.0361445825096095,0.8354503376693027,0.017971621605721,0.8318293782081901,0.7718567076821136,0.0036209594611125,0.0635936299871891,True,False,0.0704487566944264,0.0002381538945692,False,False,-3.319566843629218e-17,-1.401620591959688,,90260930
lognormal,2000,6,Monotone fixed,Exact reserve,0.1136787424882798,0.0361445825096095,0.7846705545003411,0.0432373435378859,0.7718567076821136,0.7718567076821136,0.0128138468182275,0.0128138468182275,True,True,0.1694903866685129,6.9024793816208074e-06,False,False,,,,90260930
lognormal,2000,6,Monotone adaptive,Fixed bandwidth,0.15,0.0,0.8355516650637955,0.0180451295795002,0.8318293782081901,0.7718567076821136,0.0037222868556053,0.0636949573816819,True,False,0.0707369079516411,0.0002390659059594,False,False,-8.64863736182997e-17,-1.4022772363919835,,90260930
lognormal,2000,6,Monotone adaptive,Exact reserve,0.1136787424882798,0.1666666666666666,0.7862905238081965,0.0434264479265331,0.7718567076821136,0.7718567076821136,0.0144338161260829,0.0144338161260829,True,True,0.1702316758720098,8.857514040894188e-06,False,False,,,,90260930
lognormal,2000,6,Empirical DML,Fixed bandwidth,0.15,0.0,0.8355516650637955,0.0180451295795002,0.8318293782081901,0.7718567076821136,0.0037222868556053,0.0636949573816819,True,False,0.0707369079516411,0.0002390659059594,False,False,-8.64863736182997e-17,-1.4022772363919835,,90260930
lognormal,2000,6,Empirical DML,Exact reserve,0.1136787424882798,0.0,0.7849948291808131,0.0435542149896539,0.7718567076821136,0.7718567076821136,0.0131381214986995,0.0131381214986995,True,True,0.1707325227594433,7.272755994991442e-06,False,False,,,,90260930
lognormal,2000,6,Smooth plug-in,Fixed bandwidth,0.15,0.0,0.8327561923464956,0.0168740587804601,0.8318293782081901,0.7718567076821136,0.0009268141383054,0.060899484664382,True,False,0.0661463104194037,0.0002147212426746,False,False,-6.661338147750939e-16,-1.403086291701383,,90260930
lognormal,2000,6,Smooth plug-in,Exact reserve,0.1136787424882798,0.0,0.7797047631907911,0.0385540502315119,0.7718567076821136,0.7718567076821136,0.0078480555086775,0.0078480555086775,True,True,0.1511318769075266,2.500684646911111e-06,False,False,,,,90260930
lognormal,2000,7,Monotone fixed,Fixed bandwidth,0.15,0.0361445825096095,0.8352193153087916,0.0178634639210241,0.8318293782081901,0.7718567076821136,0.0033899371006014,0.063362607626678,True,False,0.0700247785704148,0.0002360831339731,False,False,-1.5987211554602253e-17,-1.3536873437879482,,90260930
lognormal,2000,7,Monotone fixed,Exact reserve,0.1136787424882798,0.0361445825096095,0.7965436010926087,0.0339399295042595,0.7718567076821136,0.7718567076821136,0.0246868934104951,0.0246868934104951,True,True,0.1330445236566974,2.780732157781074e-05,False,False,,,,90260930
lognormal,2000,7,Monotone adaptive,Fixed bandwidth,0.15,0.6666666666666666,0.8311726822560667,0.0175050440908702,0.8318293782081901,0.7718567076821136,-0.0006566959521234,0.0593159745739531,True,False,0.0686197728362114,0.0002016653521677,False,False,1.900701818158268e-16,-1.32551072966125,,90260930
lognormal,2000,7,Monotone adaptive,Exact reserve,0.1136787424882798,0.75,0.7812612887850652,0.0315308664692447,0.7718567076821136,0.7718567076821136,0.0094045811029516,0.0094045811029516,True,True,0.1236009965594393,3.63049713447694e-06,False,False,,,,90260930
lognormal,2000,7,Empirical DML,Fixed bandwidth,0.15,0.0,0.8354173224197162,0.01788724918211,0.8318293782081901,0.7718567076821136,0.003587944211526,0.0635606147376026,True,False,0.0701180167938713,0.000237857456995,False,False,-1.7763568394002505e-17,-1.354965967272754,,90260930
lognormal,2000,7,Empirical DML,Exact reserve,0.1136787424882798,0.0,0.7972593967909088,0.0341022709373945,0.7718567076821136,0.7718567076821136,0.0254026891087952,0.0254026891087952,True,True,0.1336809020745867,2.9587244638751287e-05,False,False,,,,90260930
lognormal,2000,7,Smooth plug-in,Fixed bandwidth,0.15,0.0,0.8332304932521433,0.0176223161380874,0.8318293782081901,0.7718567076821136,0.0014011150439531,0.0613737855700297,True,False,0.0690794792613027,0.0002187341043933,False,False,-1.3322676295501878e-15,-1.3220869141999936,,90260930
lognormal,2000,7,Smooth plug-in,Exact reserve,0.1136787424882798,0.0,0.7850971526303093,0.0324783522747435,0.7718567076821136,0.7718567076821136,0.0132404449481957,0.0132404449481957,True,True,0.1273151409169948,7.3917364005193775e-06,False,False,,,,90260930
lognormal,2000,8,Monotone fixed,Fixed bandwidth,0.15,0.0361445825096095,0.8146799791230273,0.0166292813844764,0.8318293782081901,0.7718567076821136,-0.0171493990851628,0.0428232714409136,True,False,0.0651867830271477,9.448243764587085e-05,False,False,1.9156900066263916e-11,-1.4604559837615307,,90260930
lognormal,2000,8,Monotone fixed,Exact reserve,0.1136787424882798,0.0361445825096095,0.784874544201319,0.0329459896260454,0.7718567076821136,0.7718567076821136,0.0130178365192054,0.0130178365192054,True,True,0.1291482793340982,7.134208460435332e-06,False,False,,,,90260930
lognormal,2000,8,Monotone adaptive,Fixed bandwidth,0.15,0.3333333333333333,0.8143910725318702,0.0164041402365212,0.8318293782081901,0.7718567076821136,-0.0174383056763199,0.0425343648497565,True,False,0.0643042297271633,9.303487148715206e-05,False,False,-2.4115362151633235e-11,-1.4315110496931638,,90260930
lognormal,2000,8,Monotone adaptive,Exact reserve,0.1136787424882798,0.3333333333333333,0.7769371393133354,0.0310933446006606,0.7718567076821136,0.7718567076821136,0.0050804316312218,0.0050804316312218,True,True,0.1218859108345897,1.027674713327542e-06,False,False,,,,90260930
lognormal,2000,8,Empirical DML,Fixed bandwidth,0.15,0.0,0.8146381963619309,0.016648863530281,0.8318293782081901,0.7718567076821136,-0.0171911818462592,0.0427814886798173,True,False,0.0652635450387018,9.42721658740986e-05,False,False,2.4364897655004823e-11,-1.4616360958137522,,90260930
lognormal,2000,8,Empirical DML,Exact reserve,0.1136787424882798,0.0,0.7851132566349152,0.0329898493667405,0.7718567076821136,0.7718567076821136,0.0132565489528015,0.0132565489528015,True,True,0.129320209517623,7.410576752464593e-06,False,False,,,,90260930
lognormal,2000,8,Smooth plug-in,Fixed bandwidth,0.15,0.0,0.814060176600777,0.0161383835004257,0.8318293782081901,0.7718567076821136,-0.0177692016074131,0.0422034689186634,True,False,0.0632624633216689,9.139359704923856e-05,False,False,-5.551115123125786e-16,-1.4263144024734276,,90260930
lognormal,2000,8,Smooth plug-in,Exact reserve,0.1136787424882798,0.0,0.7748554395984298,0.0327072292970553,0.7718567076821136,0.7718567076821136,0.0029987319163162,0.0029987319163162,True,True,0.1282123388444568,3.527613454679113e-07,False,False,,,,90260930
lognormal,2000,9,Monotone fixed,Fixed bandwidth,0.15,0.0361445825096095,0.8102174471247408,0.0164889420231659,0.8318293782081901,0.7718567076821136,-0.0216119310834493,0.0383607394426271,True,False,0.0646366527308103,7.361406283434846e-05,False,False,-4.973799150320702e-17,-1.382868137333748,,90260930
lognormal,2000,9,Monotone fixed,Exact reserve,0.1136787424882798,0.0361445825096095,0.7633840616941822,0.0311150339110269,0.7718567076821136,0.7718567076821136,-0.0084726459879314,-0.0084726459879314,True,True,0.1219709329312256,2.593662304040123e-06,False,False,,,,90260930
lognormal,2000,9,Monotone adaptive,Fixed bandwidth,0.15,0.75,0.8112715168205946,0.0154547885310566,0.8318293782081901,0.7718567076821136,-0.0205578613875955,0.039414809138481,True,False,0.0605827710417421,7.826013348322114e-05,False,False,3.375077994860476e-16,-1.3743115834883033,,90260930
lognormal,2000,9,Monotone adaptive,Exact reserve,0.1136787424882798,0.6666666666666666,0.7654743113260365,0.0290955299283961,0.7718567076821136,0.7718567076821136,-0.006382396356077,-0.006382396356077,True,True,0.1140544773193127,1.4942247639204709e-06,False,False,,,,90260930
lognormal,2000,9,Empirical DML,Fixed bandwidth,0.15,0.0,0.8102048296279322,0.0165585896009597,0.8318293782081901,0.7718567076821136,-0.0216245485802579,0.0383481219458186,True,False,0.0649096712357621,7.355938729736167e-05,False,False,8.881784197001253e-17,-1.3845556013521685,,90260930
lognormal,2000,9,Empirical DML,Exact reserve,0.1136787424882798,0.0,0.7637930475671125,0.0314196123174561,0.7718567076821136,0.7718567076821136,-0.008063660115001,-0.008063660115001,True,True,0.123164880284428,2.356317718055223e-06,False,False,,,,90260930
lognormal,2000,9,Smooth plug-in,Fixed bandwidth,0.15,0.0,0.8130079365236631,0.0164171139731907,0.8318293782081901,0.7718567076821136,-0.018821441684527,0.0411512288415495,True,False,0.0643550867749077,8.62925970084305e-05,False,False,-1.7763568394002505e-15,-1.364718280350563,,90260930
lognormal,2000,9,Smooth plug-in,Exact reserve,0.1136787424882798,0.0,0.7638812907858721,0.0320610324285451,0.7718567076821136,0.7718567076821136,-0.0079754168962414,-0.0079754168962414,True,True,0.1256792471198969,2.306413343200475e-06,False,False,,,,90260930
lognormal,2000,10,Monotone fixed,Fixed bandwidth,0.15,0.0361445825096095,0.8552148103507813,0.021110733959814,0.8318293782081901,0.7718567076821136,0.0233854321425911,0.0833581026686677,True,False,0.0827540771224712,0.000462125662036,False,False,-4.6629367034256567e-17,-1.3079152919048358,,90260930
lognormal,2000,10,Monotone fixed,Exact reserve,0.1136787424882798,0.0361445825096095,0.8156563122936342,0.0364625630734688,0.7718567076821136,0.7718567076821136,0.0437996046115206,0.0437996046115206,True,True,0.1429332472479978,9.947586192704529e-05,False,False,,,,90260930
lognormal,2000,10,Monotone adaptive,Fixed bandwidth,0.15,0.6666666666666666,0.8563656520799735,0.021745706229281,0.8318293782081901,0.7718567076821136,0.0245362738717833,0.0845089443978599,True,False,0.0852431684187818,0.0004782713112161,False,False,1.2723155862204297e-15,-1.3276540016100125,,90260930
lognormal,2000,10,Monotone adaptive,Exact reserve,0.1136787424882798,0.6666666666666666,0.8208146203697444,0.0352827555343702,0.7718567076821136,0.7718567076821136,0.0489579126876308,0.0489579126876308,True,True,0.1383084016947313,0.0001285424707748,False,False,,,,90260930
lognormal,2000,10,Empirical DML,Fixed bandwidth,0.15,0.0,0.8552256972962314,0.0210718845539446,0.8318293782081901,0.7718567076821136,0.0233963190880412,0.0833689896141178,True,False,0.0826017874514631,0.000462276789676,False,False,1.4876988529977099e-16,-1.3071657276626705,,90260930
lognormal,2000,10,Empirical DML,Exact reserve,0.1136787424882798,0.0,0.8155007398169499,0.0364264100345622,0.7718567076821136,0.7718567076821136,0.0436440321348363,0.0436440321348363,True,True,0.1427915273354839,9.866942933611789e-05,False,False,,,,90260930
lognormal,2000,10,Smooth plug-in,Fixed bandwidth,0.15,0.0,0.8520012783866417,0.0195378657301853,0.8318293782081901,0.7718567076821136,0.0201719001784516,0.0801445707045281,True,False,0.0765884336623264,0.0004189689233422,False,False,2.997602166487923e-15,-1.3412194523398924,,90260930
lognormal,2000,10,Smooth plug-in,Exact reserve,0.1136787424882798,0.0,0.8165185325691198,0.0308206308727945,0.7718567076821136,0.7718567076821136,0.0446618248870062,0.0446618248870062,True,True,0.1208168730213546,0.0001040173449486,False,False,,,,90260930
lognormal,2000,1,Initialization fixed,Fixed bandwidth,0.15,0.0361445825096095,0.8073381205155172,0.0156309608714152,0.8318293782081901,0.7718567076821136,-0.0244912576926729,0.0354814128334036,True,False,0.0612733666159475,6.178244326537907e-05,False,False,1.000088900582341e-15,-1.1580345883669274,,90260930
lognormal,2000,1,Initialization fixed,Exact reserve,0.1136787424882798,0.0361445825096095,0.72063121790437,0.0319394393074838,0.7718567076821136,0.7718567076821136,-0.0512254897777435,-0.0512254897777435,True,True,0.1252026020853368,6.881415307802285e-05,False,False,,,,90260930
lognormal,2000,1,Initialization adaptive,Fixed bandwidth,0.15,0.6666666666666666,0.8096322812099539,0.0158183391509082,0.8318293782081901,0.7718567076821136,-0.0221970969982362,0.0377755735278403,True,False,0.0620078894715601,7.110854729530658e-05,False,False,1.0336512090702856e-11,-1.1711319660486903,,90260930
lognormal,2000,1,Initialization adaptive,Exact reserve,0.1136787424882798,0.5,0.7284527036119667,0.0324399408341463,0.7718567076821136,0.7718567076821136,-0.0434040040701468,-0.0434040040701468,True,True,0.1271645680698536,5.246575745654347e-05,False,False,,,,90260930
lognormal,2000,1,Initialization matched,Fixed bandwidth,0.15,0.6666666666666666,0.8096322812099539,0.0158183391509082,0.8318293782081901,0.7718567076821136,-0.0221970969982362,0.0377755735278403,True,False,0.0620078894715601,7.110854729530658e-05,False,False,1.0336512090702856e-11,-1.1711319660486903,,90260930
lognormal,2000,1,Initialization matched,Exact reserve,0.1136787424882798,0.5,0.7284527036119667,0.0324399408341463,0.7718567076821136,0.7718567076821136,-0.0434040040701468,-0.0434040040701468,True,True,0.1271645680698536,5.246575745654347e-05,False,False,,,,90260930
lognormal,2000,2,Initialization fixed,Fixed bandwidth,0.15,0.0361445825096095,0.802097184211886,0.0132798098619001,0.8318293782081901,0.7718567076821136,-0.0297321939963041,0.0302404765297724,False,False,0.0520568546586485,4.3327657989644663e-05,False,False,1.2472245458639009e-15,-1.4977397948500248,,90260930
lognormal,2000,2,Initialization fixed,Exact reserve,0.1136787424882798,0.0361445825096095,0.7536374032460856,0.0282625675461565,0.7718567076821136,0.7718567076821136,-0.0182193044360279,-0.0182193044360279,True,True,0.1107892647809338,1.1168996395083395e-05,False,False,,,,90260930
lognormal,2000,2,Initialization adaptive,Fixed bandwidth,0.15,0.5,0.8050146954450978,0.0127074707509855,0.8318293782081901,0.7718567076821136,-0.0268146827630922,0.0331579877629842,False,False,0.0498132853438633,5.312350562158841e-05,False,False,-1.912267677539603e-12,-1.5249431587742357,,90260930
lognormal,2000,2,Initialization adaptive,Exact reserve,0.1136787424882798,0.5,0.7659446805196088,0.0258221022738272,0.7718567076821136,0.7718567076821136,-0.0059120271625047,-0.0059120271625047,True,True,0.101222640913403,1.2864318386096585e-06,False,False,,,,90260930
lognormal,2000,2,Initialization matched,Fixed bandwidth,0.15,0.5,0.8050146954450978,0.0127074707509855,0.8318293782081901,0.7718567076821136,-0.0268146827630922,0.0331579877629842,False,False,0.0498132853438633,5.312350562158841e-05,False,False,-1.912267677539603e-12,-1.5249431587742357,,90260930
lognormal,2000,2,Initialization matched,Exact reserve,0.1136787424882798,0.6666666666666666,0.7694055316450129,0.0252924770655192,0.7718567076821136,0.7718567076821136,-0.0024511760371006,-0.0024511760371006,True,True,0.0991465100968354,2.2664641408098873e-07,False,False,,,,90260930
lognormal,2000,3,Initialization fixed,Fixed bandwidth,0.15,0.0361445825096095,0.8210395717768894,0.0158184533239063,0.8318293782081901,0.7718567076821136,-0.0107898064313007,0.0491828640947757,True,False,0.0620083370297127,0.0001299158776384,False,False,-2.131628207280301e-17,-1.58153130553627,,90260930
lognormal,2000,3,Initialization fixed,Exact reserve,0.1136787424882798,0.0361445825096095,0.8063369903009864,0.0333761860706579,0.7718567076821136,0.7718567076821136,0.0344802826188728,0.0344802826188728,True,True,0.130834649396979,5.7956059934749504e-05,False,False,,,,90260930
lognormal,2000,3,Initialization adaptive,Fixed bandwidth,0.15,0.0,0.8211314506650986,0.0159071848809121,0.8318293782081901,0.7718567076821136,-0.0106979275430915,0.049274742982985,True,False,0.0623561647331756,0.0001304795625869,False,False,2.451372438372346e-16,-1.583188130264501,,90260930
lognormal,2000,3,Initialization adaptive,Exact reserve,0.1136787424882798,0.0,0.8068248031950143,0.0336701461010649,0.7718567076821136,0.7718567076821136,0.0349680955129007,0.0349680955129007,True,True,0.1319869727161744,5.980222895862752e-05,False,False,,,,90260930
lognormal,2000,3,Initialization matched,Fixed bandwidth,0.15,0.0,0.8211314506650986,0.0159071848809121,0.8318293782081901,0.7718567076821136,-0.0106979275430915,0.049274742982985,True,False,0.0623561647331756,0.0001304795625869,False,False,2.451372438372346e-16,-1.583188130264501,,90260930
lognormal,2000,3,Initialization matched,Exact reserve,0.1136787424882798,0.0,0.8068248031950143,0.0336701461010649,0.7718567076821136,0.7718567076821136,0.0349680955129007,0.0349680955129007,True,True,0.1319869727161744,5.980222895862752e-05,False,False,,,,90260930
lognormal,2000,4,Initialization fixed,Fixed bandwidth,0.15,0.0361445825096095,0.815887434892355,0.014915557078582,0.8318293782081901,0.7718567076821136,-0.015941943315835,0.0440307272102414,True,False,0.0584689837480416,0.0001006809931358,False,False,1.0835776720341528e-16,-1.179362632417451,,90260930
lognormal,2000,4,Initialization fixed,Exact reserve,0.1136787424882798,0.0361445825096095,0.7078880536398986,0.0304946830987642,0.7718567076821136,0.7718567076821136,-0.0639686540422149,-0.0639686540422149,False,False,0.1195391577471556,9.717360268046704e-05,False,False,,,,90260930
lognormal,2000,4,Initialization adaptive,Fixed bandwidth,0.15,0.3333333333333333,0.8157048945004557,0.015051676957401,0.8318293782081901,0.7718567076821136,-0.0161244837077344,0.0438481868183421,True,False,0.0590025736730119,9.972841086280936e-05,False,False,1.3322676295501878e-17,-1.1777152074876795,,90260930
lognormal,2000,4,Initialization adaptive,Exact reserve,0.1136787424882798,0.3333333333333333,0.7077732539429359,0.0312488210164044,0.7718567076821136,0.7718567076821136,-0.0640834537391776,-0.0640834537391776,False,False,0.1224953783843055,9.743490618330242e-05,False,False,,,,90260930
lognormal,2000,4,Initialization matched,Fixed bandwidth,0.15,0.3333333333333333,0.8157048945004557,0.015051676957401,0.8318293782081901,0.7718567076821136,-0.0161244837077344,0.0438481868183421,True,False,0.0590025736730119,9.972841086280936e-05,False,False,1.3322676295501878e-17,-1.1777152074876795,,90260930
lognormal,2000,4,Initialization matched,Exact reserve,0.1136787424882798,0.3333333333333333,0.7077732539429359,0.0312488210164044,0.7718567076821136,0.7718567076821136,-0.0640834537391776,-0.0640834537391776,False,False,0.1224953783843055,9.743490618330242e-05,False,False,,,,90260930
lognormal,2000,5,Initialization fixed,Fixed bandwidth,0.15,0.0361445825096095,0.8375543637632843,0.0183333507327393,0.8318293782081901,0.7718567076821136,0.0057249855550941,0.0656976560811707,True,False,0.0718667348723382,0.0002575527505335,False,False,-4.529709940470639e-16,-1.205315735820216,,90260930
lognormal,2000,5,Initialization fixed,Exact reserve,0.1136787424882798,0.0361445825096095,0.7782236351605951,0.0418156931499669,0.7718567076821136,0.7718567076821136,0.0063669274784815,0.0063669274784815,True,True,0.1639175171478705,1.6287233470801965e-06,False,False,,,,90260930
lognormal,2000,5,Initialization adaptive,Fixed bandwidth,0.15,1.0,0.8352900240279431,0.0175752638485081,0.8318293782081901,0.7718567076821136,0.0034606458197529,0.0634333163458295,True,False,0.0688950342861518,0.0002367159651539,False,False,-5.3290705182007506e-17,-1.1866959833883597,,90260930
lognormal,2000,5,Initialization adaptive,Exact reserve,0.1136787424882798,1.0,0.7669052202016351,0.0392789793792724,0.7718567076821136,0.7718567076821136,-0.0049514874804784,-0.0049514874804784,True,True,0.1539735991667478,9.086260968071968e-07,False,False,,,,90260930
lognormal,2000,5,Initialization matched,Fixed bandwidth,0.15,1.0,0.8352900240279431,0.0175752638485081,0.8318293782081901,0.7718567076821136,0.0034606458197529,0.0634333163458295,True,False,0.0688950342861518,0.0002367159651539,False,False,-5.3290705182007506e-17,-1.1866959833883597,,90260930
lognormal,2000,5,Initialization matched,Exact reserve,0.1136787424882798,1.0,0.7669052202016351,0.0392789793792724,0.7718567076821136,0.7718567076821136,-0.0049514874804784,-0.0049514874804784,True,True,0.1539735991667478,9.086260968071968e-07,False,False,,,,90260930
lognormal,2000,6,Initialization fixed,Fixed bandwidth,0.15,0.0361445825096095,0.8354503937344704,0.0179769070444587,0.8318293782081901,0.7718567076821136,0.0036210155262802,0.0635936860523568,True,False,0.0704694756142781,0.0002381543979674,False,False,7.788214517745472e-17,-1.4015547671854267,,90260930
lognormal,2000,6,Initialization fixed,Exact reserve,0.1136787424882798,0.0361445825096095,0.7846528002857438,0.043236353963593,0.7718567076821136,0.7718567076821136,0.0127960926036302,0.0127960926036302,True,True,0.1694865075372847,6.88256065539683e-06,False,False,,,,90260930
lognormal,2000,6,Initialization adaptive,Fixed bandwidth,0.15,0.1666666666666666,0.8356743331417952,0.01797203746932,0.8318293782081901,0.7718567076821136,0.003844954933605,0.0638176254596816,True,False,0.0704503868797345,0.0002401728171241,False,False,9.658940314238861e-18,-1.4029161094346911,,90260930
lognormal,2000,6,Initialization adaptive,Exact reserve,0.1136787424882798,0.4166666666666667,0.7801707014551924,0.0390633247205863,0.7718567076821136,0.7718567076821136,0.0083139937730788,0.0083139937730788,True,True,0.1531282329046986,2.815640711251177e-06,False,False,,,,90260930
lognormal,2000,6,Initialization matched,Fixed bandwidth,0.15,0.0,0.8355516650637955,0.0180451295795002,0.8318293782081901,0.7718567076821136,0.0037222868556053,0.0636949573816819,True,False,0.0707369079516411,0.0002390659059594,False,False,-8.64863736182997e-17,-1.4022772363919835,,90260930
lognormal,2000,6,Initialization matched,Exact reserve,0.1136787424882798,0.1666666666666666,0.7866308867524823,0.043332082322928,0.7718567076821136,0.7718567076821136,0.0147741790703687,0.0147741790703687,True,True,0.1698617627058778,9.302087303542096e-06,False,False,,,,90260930
lognormal,2000,7,Initialization fixed,Fixed bandwidth,0.15,0.0361445825096095,0.835216204523952,0.0178608358426033,0.8318293782081901,0.7718567076821136,0.0033868263157618,0.0633594968418383,True,False,0.0700144765030051,0.0002360553658011,False,False,1.2612133559741775e-16,-1.3536879752428188,,90260930
lognormal,2000,7,Initialization fixed,Exact reserve,0.1136787424882798,0.0361445825096095,0.7965374273520515,0.0339299187677266,0.7718567076821136,0.7718567076821136,0.0246807196699379,0.0246807196699379,True,True,0.1330052815694884,2.7792240961277415e-05,False,False,,,,90260930
lognormal,2000,7,Initialization adaptive,Fixed bandwidth,0.15,0.6666666666666666,0.8311726822560667,0.0175050440908702,0.8318293782081901,0.7718567076821136,-0.0006566959521234,0.0593159745739531,True,False,0.0686197728362114,0.0002016653521677,False,False,1.900701818158268e-16,-1.32551072966125,,90260930
lognormal,2000,7,Initialization adaptive,Exact reserve,0.1136787424882798,0.75,0.7812161503865482,0.0314404802962523,0.7718567076821136,0.7718567076821136,0.0093594427044346,0.0093594427044346,True,True,0.1232466827613092,3.5944790504061075e-06,False,False,,,,90260930
lognormal,2000,7,Initialization matched,Fixed bandwidth,0.15,0.6666666666666666,0.8311726822560667,0.0175050440908702,0.8318293782081901,0.7718567076821136,-0.0006566959521234,0.0593159745739531,True,False,0.0686197728362114,0.0002016653521677,False,False,1.900701818158268e-16,-1.32551072966125,,90260930
lognormal,2000,7,Initialization matched,Exact reserve,0.1136787424882798,0.75,0.7812161503865482,0.0314404802962523,0.7718567076821136,0.7718567076821136,0.0093594427044346,0.0093594427044346,True,True,0.1232466827613092,3.5944790504061075e-06,False,False,,,,90260930
lognormal,2000,8,Initialization fixed,Fixed bandwidth,0.15,0.0361445825096095,0.8146842073126297,0.0166308469002599,0.8318293782081901,0.7718567076821136,-0.0171451708955604,0.0428274996305161,True,False,0.065192919849019,9.45037453565778e-05,False,False,1.869427634915155e-11,-1.460527330904977,,90260930
lognormal,2000,8,Initialization fixed,Exact reserve,0.1136787424882798,0.0361445825096095,0.7848974680205436,0.0329483840042958,0.7718567076821136,0.7718567076821136,0.01304076033843,0.01304076033843,True,True,0.1291576652968397,7.160475991030424e-06,False,False,,,,90260930
lognormal,2000,8,Initialization adaptive,Fixed bandwidth,0.15,0.3333333333333333,0.8144456059678513,0.0164430240154866,0.8318293782081901,0.7718567076821136,-0.0173837722403388,0.0425888982857377,True,False,0.0644566541407076,9.33071252904316e-05,False,False,-3.1109546938523627e-11,-1.4323129507774366,,90260930
lognormal,2000,8,Initialization adaptive,Exact reserve,0.1136787424882798,0.3333333333333333,0.7772119167619425,0.0312104529025514,0.7718567076821136,0.7718567076821136,0.0053552090798288,0.0053552090798288,True,True,0.1223449753780017,1.1440063523160404e-06,False,False,,,,90260930
lognormal,2000,8,Initialization matched,Fixed bandwidth,0.15,0.3333333333333333,0.8144456059678513,0.0164430240154866,0.8318293782081901,0.7718567076821136,-0.0173837722403388,0.0425888982857377,True,False,0.0644566541407076,9.33071252904316e-05,False,False,-3.1109546938523627e-11,-1.4323129507774366,,90260930
lognormal,2000,8,Initialization matched,Exact reserve,0.1136787424882798,0.3333333333333333,0.7772119167619425,0.0312104529025514,0.7718567076821136,0.7718567076821136,0.0053552090798288,0.0053552090798288,True,True,0.1223449753780017,1.1440063523160404e-06,False,False,,,,90260930
lognormal,2000,9,Initialization fixed,Fixed bandwidth,0.15,0.0361445825096095,0.8102139697042712,0.0164893291100994,0.8318293782081901,0.7718567076821136,-0.0216154085039189,0.0383572620221576,True,False,0.0646381701115897,7.359899409031812e-05,False,False,4.618527782440651e-17,-1.3829239775226654,,90260930
lognormal,2000,9,Initialization fixed,Exact reserve,0.1136787424882798,0.0361445825096095,0.7633893967197791,0.0311120938427537,0.7718567076821136,0.7718567076821136,-0.0084673109623344,-0.0084673109623344,True,True,0.1219594078635947,2.5904807932075613e-06,False,False,,,,90260930
lognormal,2000,9,Initialization adaptive,Fixed bandwidth,0.15,0.75,0.8112138192793438,0.0154665886728195,0.8318293782081901,0.7718567076821136,-0.0206155589288463,0.0393571115972302,True,False,0.0606290275974525,7.80015333787798e-05,False,False,3.62376795237651e-16,-1.375522179944557,,90260930
lognormal,2000,9,Initialization adaptive,Exact reserve,0.1136787424882798,0.6666666666666666,0.7656232106825299,0.0290327064335624,0.7718567076821136,0.7718567076821136,-0.0062334969995836,-0.0062334969995836,True,True,0.1138082092195648,1.4268812276174714e-06,False,False,,,,90260930
lognormal,2000,9,Initialization matched,Fixed bandwidth,0.15,0.75,0.8112138192793438,0.0154665886728195,0.8318293782081901,0.7718567076821136,-0.0206155589288463,0.0393571115972302,True,False,0.0606290275974525,7.80015333787798e-05,False,False,3.62376795237651e-16,-1.375522179944557,,90260930
lognormal,2000,9,Initialization matched,Exact reserve,0.1136787424882798,0.6666666666666666,0.7656232106825299,0.0290327064335624,0.7718567076821136,0.7718567076821136,-0.0062334969995836,-0.0062334969995836,True,True,0.1138082092195648,1.4268812276174714e-06,False,False,,,,90260930
lognormal,2000,10,Initialization fixed,Fixed bandwidth,0.15,0.0361445825096095,0.8551847520017056,0.0211248998921832,0.8318293782081901,0.7718567076821136,0.0233553737935154,0.083328044319592,True,False,0.0828096075773582,0.000461708882391,False,False,-1.4144241333724495e-16,-1.3080441595700647,,90260930
lognormal,2000,10,Initialization fixed,Exact reserve,0.1136787424882798,0.0361445825096095,0.8156170050439785,0.0364910145100006,0.7718567076821136,0.7718567076821136,0.0437602973618649,0.0437602973618649,True,True,0.1430447768792026,9.927152777411408e-05,False,False,,,,90260930
lognormal,2000,10,Initialization adaptive,Fixed bandwidth,0.15,0.6666666666666666,0.8562014871040556,0.0219571399289109,0.8318293782081901,0.7718567076821136,0.0243721088958654,0.084344779421942,True,False,0.086071988521331,0.0004759456151768,False,False,7.15427717068451e-16,-1.3294827029907603,,90260930
lognormal,2000,10,Initialization adaptive,Exact reserve,0.1136787424882798,0.6666666666666666,0.8205867643098032,0.035600157714302,0.7718567076821136,0.7718567076821136,0.0487300566276895,0.0487300566276895,True,True,0.1395526182400641,0.0001271605126467,False,False,,,,90260930
lognormal,2000,10,Initialization matched,Fixed bandwidth,0.15,0.6666666666666666,0.8562014871040556,0.0219571399289109,0.8318293782081901,0.7718567076821136,0.0243721088958654,0.084344779421942,True,False,0.086071988521331,0.0004759456151768,False,False,7.15427717068451e-16,-1.3294827029907603,,90260930
lognormal,2000,10,Initialization matched,Exact reserve,0.1136787424882798,0.6666666666666666,0.8205867643098032,0.035600157714302,0.7718567076821136,0.7718567076821136,0.0487300566276895,0.0487300566276895,True,True,0.1395526182400641,0.0001271605126467,False,False,,,,90260930
weibull,500,1,Monotone fixed,Fixed bandwidth,0.15,0.1304349796924862,0.7878986451365464,0.0549617668860508,0.805297683375762,0.7631428283688878,-0.0173990382392156,0.0247558167676585,True,True,0.2154501261933193,9.328322894641694e-05,False,False,-7.105427357601002e-18,-0.5446522817270782,,20260930
weibull,500,1,Monotone fixed,Exact reserve,0.15,0.1304349796924862,0.7501092179081117,0.088150382886807,0.7631428283688878,0.7631428283688878,-0.0130336104607761,-0.0130336104607761,True,True,0.3455495009162838,2.308368822445672e-05,False,False,,,,20260930
weibull,500,1,Monotone adaptive,Fixed bandwidth,0.15,0.3333333333333333,0.8052824003943918,0.0562885859313508,0.805297683375762,0.7631428283688878,-1.5282981370212667e-05,0.042139572025504,True,True,0.2206512568508954,0.0002840848628962,False,False,2.0266348599307098e-12,-0.5997558231598887,,20260930
weibull,500,1,Monotone adaptive,Exact reserve,0.15,0.3333333333333333,0.781674368498104,0.0892130521170731,0.7631428283688878,0.7631428283688878,0.0185315401292162,0.0185315401292162,True,True,0.3497151642989268,5.1329987649229025e-05,False,False,,,,20260930
weibull,500,1,Empirical DML,Fixed bandwidth,0.15,0.0,0.7869989952282257,0.0536207463657076,0.805297683375762,0.7631428283688878,-0.0182986881475363,0.0238561668593378,True,True,0.210193325753574,8.639995940762368e-05,False,False,-1.5987211554602254e-16,-0.5485254563293296,,20260930
weibull,500,1,Empirical DML,Exact reserve,0.15,0.0,0.7489225522943725,0.0856972897794172,0.7631428283688878,0.7631428283688878,-0.0142202760745152,-0.0142202760745152,True,True,0.3359333759353155,2.7377508092785163e-05,False,False,,,,20260930
weibull,500,1,Smooth plug-in,Fixed bandwidth,0.15,0.0,0.7911650771507454,0.0529953683454206,0.805297683375762,0.7631428283688878,-0.0141326062250166,0.0280222487818575,True,True,0.2077418439140491,0.000120661127404,False,False,0.0,-0.5347757245222073,,20260930
weibull,500,1,Smooth plug-in,Exact reserve,0.15,0.0,0.7537326088147512,0.0847929064878257,0.7631428283688878,0.7631428283688878,-0.0094102195541365,-0.0094102195541365,True,True,0.3323881934322768,1.216844093154812e-05,False,False,,,,20260930
weibull,500,2,Monotone fixed,Fixed bandwidth,0.15,0.1304349796924862,0.8470830544631393,0.0397942874206139,0.805297683375762,0.7631428283688878,0.0417853710873772,0.0839402260942514,True,False,0.1559936066888065,0.0012627434436427,False,False,2.948752353404416e-16,-0.9159288413272736,,20260930
weibull,500,2,Monotone fixed,Exact reserve,0.15,0.1304349796924862,0.8317737903137059,0.0537665096934073,0.7631428283688878,0.7631428283688878,0.0686309619448181,0.0686309619448181,True,True,0.2107647179981568,0.0008105744355093,False,False,,,,20260930
weibull,500,2,Monotone adaptive,Fixed bandwidth,0.15,0.0,0.8472297175752357,0.039142821788356,0.805297683375762,0.7631428283688878,0.0419320341994736,0.0840868892063478,True,False,0.1534398614103558,0.0012676456054285,False,False,2.7267077484793844e-16,-0.922602629208482,,20260930
weibull,500,2,Monotone adaptive,Exact reserve,0.15,0.0,0.8320502986994575,0.052612175372606,0.7631428283688878,0.7631428283688878,0.0689074703305696,0.0689074703305696,True,True,0.2062397274606155,0.0008177265220294,False,False,,,,20260930
weibull,500,2,Empirical DML,Fixed bandwidth,0.15,0.0,0.8472297175752357,0.039142821788356,0.805297683375762,0.7631428283688878,0.0419320341994736,0.0840868892063478,True,False,0.1534398614103558,0.0012676456054285,False,False,2.7267077484793844e-16,-0.922602629208482,,20260930
weibull,500,2,Empirical DML,Exact reserve,0.15,0.0,0.8320502986994575,0.052612175372606,0.7631428283688878,0.7631428283688878,0.0689074703305696,0.0689074703305696,True,True,0.2062397274606155,0.0008177265220294,False,False,,,,20260930
weibull,500,2,Smooth plug-in,Fixed bandwidth,0.15,0.0,0.842178946291364,0.0388437066553689,0.805297683375762,0.7631428283688878,0.036881262915602,0.0790361179224762,True,False,0.1522673300890464,0.0011051866115134,False,False,5.551115123125783e-17,-0.8832427572061374,,20260930
weibull,500,2,Smooth plug-in,Exact reserve,0.15,0.0,0.824550224227955,0.0525624888235154,0.7631428283688878,0.7631428283688878,0.0614073958590671,0.0614073958590671,True,True,0.2060449561881806,0.0006363625861696,False,False,,,,20260930
weibull,500,3,Monotone fixed,Fixed bandwidth,0.15,0.1304349796924862,0.7994988709136287,0.0372559843420399,0.805297683375762,0.7631428283688878,-0.0057988124621333,0.0363560425447408,True,True,0.1460434586207965,0.000208018303851,False,False,-4.991562718714704e-16,-1.1318799627194218,,20260930
weibull,500,3,Monotone fixed,Exact reserve,0.15,0.1304349796924862,0.7652876775336542,0.0471380303810976,0.7631428283688878,0.7631428283688878,0.0021448491647664,0.0021448491647664,True,True,0.1847810790939027,6.548410491635792e-07,False,False,,,,20260930
weibull,500,3,Monotone adaptive,Fixed bandwidth,0.15,0.5,0.8149901680115994,0.0425565763474791,0.805297683375762,0.7631428283688878,0.0096924846358373,0.0518473396427116,True,True,0.1668217792821181,0.0004418835737192,False,False,6.745892733306391e-14,-1.1387614014203562,,20260930
weibull,500,3,Monotone adaptive,Exact reserve,0.15,0.5,0.7836181881921077,0.0547941343176393,0.7631428283688878,0.7631428283688878,0.0204753598232199,0.0204753598232199,True,True,0.2147930065251462,6.302134864033526e-05,False,False,,,,20260930
weibull,500,3,Empirical DML,Fixed bandwidth,0.15,0.0,0.7994326213771504,0.0366886639137815,0.805297683375762,0.7631428283688878,-0.0058650619986115,0.0362897930082626,True,True,0.1438195625420236,0.0002072217997424,False,False,-6.288303211476886e-16,-1.12760936177267,,20260930
weibull,500,3,Empirical DML,Exact reserve,0.15,0.0,0.7649116713168078,0.0462626818257704,0.7631428283688878,0.7631428283688878,0.00176884294792,0.00176884294792,True,True,0.1813497127570203,4.44878529570758e-07,False,False,,,,20260930
weibull,500,3,Smooth plug-in,Fixed bandwidth,0.15,0.0,0.7948664454609004,0.033961351702208,0.805297683375762,0.7631428283688878,-0.0104312379148616,0.0317236170920125,True,True,0.1331284986726557,0.0001562999384534,False,False,5.389966251101441e-12,-1.0984720125259415,,20260930
weibull,500,3,Smooth plug-in,Exact reserve,0.15,0.0,0.7595100828627682,0.0437883162290388,0.7631428283688878,0.7631428283688878,-0.0036327455061195,-0.0036327455061195,True,True,0.1716501996178321,1.8458066897153456e-06,False,False,,,,20260930
weibull,500,4,Monotone fixed,Fixed bandwidth,0.15,0.1304349796924862,0.7861986648782885,0.0361794239651618,0.805297683375762,0.7631428283688878,-0.0190990184974735,0.0230558365094006,True,True,0.1418233419434345,8.051213153414949e-05,False,False,1.598307841632618e-11,-0.7869424335752261,,20260930
weibull,500,4,Monotone fixed,Exact reserve,0.15,0.1304349796924862,0.7701455076487231,0.0534379090237779,0.7631428283688878,0.7631428283688878,0.0070026792798353,0.0070026792798353,True,True,0.2094766033732094,7.083014709863278e-06,False,False,,,,20260930
weibull,500,4,Monotone adaptive,Fixed bandwidth,0.15,0.6666666666666666,0.7854466018821981,0.0344507758034209,0.805297683375762,0.7631428283688878,-0.0198510814935639,0.0223037735133102,True,True,0.1350470411494101,7.51801290239662e-05,False,False,1.5580430279271697e-12,-0.7993234088047774,,20260930
weibull,500,4,Monotone adaptive,Exact reserve,0.15,0.6666666666666666,0.7692757043747743,0.0507685368537116,0.7631428283688878,0.7631428283688878,0.0061328760058865,0.0061328760058865,True,True,0.1990126644665496,5.418586548344706e-06,False,False,,,,20260930
weibull,500,4,Empirical DML,Fixed bandwidth,0.15,0.0,0.7863870213007085,0.0361987395415664,0.805297683375762,0.7631428283688878,-0.0189106620750535,0.0232441929318206,True,True,0.1418990590029405,8.187791353320151e-05,False,False,1.9513854976338503e-11,-0.7877891905530898,,20260930
weibull,500,4,Empirical DML,Exact reserve,0.15,0.0,0.7702876790948564,0.0534184890039008,0.7631428283688878,0.7631428283688878,0.0071448507259685,0.0071448507259685,True,True,0.2094004768952914,7.376692163552079e-06,False,False,,,,20260930
weibull,500,4,Smooth plug-in,Fixed bandwidth,0.15,0.0,0.7851308412824861,0.0359875053387462,0.805297683375762,0.7631428283688878,-0.0201668420932759,0.0219880129135983,True,True,0.1410710209278851,7.299915550862401e-05,False,False,3.437805595751797e-13,-0.7888845380646381,,20260930
weibull,500,4,Smooth plug-in,Exact reserve,0.15,0.0,0.7682269484661655,0.0530937649344875,0.7631428283688878,0.7631428283688878,0.0050841200972776,0.0050841200972776,True,True,0.2081275585431911,3.712121516619149e-06,False,False,,,,20260930
weibull,500,5,Monotone fixed,Fixed bandwidth,0.15,0.1304349796924862,0.7983679462576073,0.0339724534915882,0.805297683375762,0.7631428283688878,-0.0069297371181547,0.0352251178887195,True,True,0.1331720176870258,0.0001946491915127,False,False,-2.0037305148434823e-15,-1.0694170381780352,,20260930
weibull,500,5,Monotone fixed,Exact reserve,0.15,0.1304349796924862,0.7668516887227295,0.042748745093799,0.7631428283688878,0.7631428283688878,0.0037088603538416,0.0037088603538416,True,True,0.1675750807676921,1.9673216262727777e-06,False,False,,,,20260930
weibull,500,5,Monotone adaptive,Fixed bandwidth,0.15,0.0,0.7992366143178341,0.0337480498126464,0.805297683375762,0.7631428283688878,-0.0060610690579279,0.0360937859489463,True,True,0.1322923552655739,0.0002048748902725,False,False,-4.574118861455645e-16,-1.0792438281283223,,20260930
weibull,500,5,Monotone adaptive,Exact reserve,0.15,0.0,0.7682411639863523,0.042350420653294,0.7631428283688878,0.7631428283688878,0.0050983356174645,0.0050983356174645,True,True,0.1660136489609127,3.733058953292456e-06,False,False,,,,20260930
weibull,500,5,Empirical DML,Fixed bandwidth,0.15,0.0,0.7992366143178341,0.0337480498126464,0.805297683375762,0.7631428283688878,-0.0060610690579279,0.0360937859489463,True,True,0.1322923552655739,0.0002048748902725,False,False,-4.574118861455645e-16,-1.0792438281283223,,20260930
weibull,500,5,Empirical DML,Exact reserve,0.15,0.0,0.7682411639863523,0.042350420653294,0.7631428283688878,0.7631428283688878,0.0050983356174645,0.0050983356174645,True,True,0.1660136489609127,3.733058953292456e-06,False,False,,,,20260930
weibull,500,5,Smooth plug-in,Fixed bandwidth,0.15,0.0,0.7921503016700765,0.0339263324237323,0.805297683375762,0.7631428283688878,-0.0131473817056855,0.0290074733011886,True,True,0.1329912231010307,0.0001296633214038,False,False,4.440892098500626e-16,-0.9824213780798564,,20260930
weibull,500,5,Smooth plug-in,Exact reserve,0.15,0.0,0.7555243483201612,0.0431927204084483,0.7631428283688878,0.7631428283688878,-0.0076184800487265,-0.0076184800487265,True,True,0.1693154640011175,8.019837048456324e-06,False,False,,,,20260930
weibull,500,6,Monotone fixed,Fixed bandwidth,0.15,0.1304349796924862,0.8217954854806326,0.0513270641230202,0.805297683375762,0.7631428283688878,0.0164978021048706,0.0586526571117448,True,True,0.2012020913622395,0.0005761977531217,False,False,3.641531520770513e-15,-0.7964519275102687,,20260930
weibull,500,6,Monotone fixed,Exact reserve,0.15,0.1304349796924862,0.7756935220506405,0.0763139659798078,0.7631428283688878,0.7631428283688878,0.0125506936817526,0.0125506936817526,True,True,0.2991507466408467,2.3131907138207453e-05,False,False,,,,20260930
weibull,500,6,Monotone adaptive,Fixed bandwidth,0.15,0.0,0.8208970580351931,0.0486511040778646,0.805297683375762,0.7631428283688878,0.015599374659431,0.0577542296663052,True,True,0.1907123279852293,0.0005573072677687,False,False,3.1974423109204507e-16,-0.8072248317268559,,20260930
weibull,500,6,Monotone adaptive,Exact reserve,0.15,0.0,0.7748524491330444,0.0715232468754825,0.7631428283688878,0.7631428283688878,0.0117096207641566,0.0117096207641566,True,True,0.2803711277518916,2.0085211138054504e-05,False,False,,,,20260930
weibull,500,6,Empirical DML,Fixed bandwidth,0.15,0.0,0.8208970580351931,0.0486511040778646,0.805297683375762,0.7631428283688878,0.015599374659431,0.0577542296663052,True,True,0.1907123279852293,0.0005573072677687,False,False,3.1974423109204507e-16,-0.8072248317268559,,20260930
weibull,500,6,Empirical DML,Exact reserve,0.15,0.0,0.7748524491330444,0.0715232468754825,0.7631428283688878,0.7631428283688878,0.0117096207641566,0.0117096207641566,True,True,0.2803711277518916,2.0085211138054504e-05,False,False,,,,20260930
weibull,500,6,Smooth plug-in,Fixed bandwidth,0.15,0.0,0.8252593368390203,0.0459573065663508,0.805297683375762,0.7631428283688878,0.0199616534632582,0.0621165084701325,True,True,0.1801526417400952,0.0006524026548604,False,False,-5.551115123125783e-17,-0.8384269114308784,,20260930
weibull,500,6,Smooth plug-in,Exact reserve,0.15,0.0,0.7820674860233291,0.0666695466156364,0.7631428283688878,0.7631428283688878,0.0189246576544412,0.0189246576544412,True,True,0.2613446227332948,5.3592713725736374e-05,False,False,,,,20260930
weibull,500,7,Monotone fixed,Fixed bandwidth,0.15,0.1304349796924862,0.734544199819282,0.0404938048097555,0.805297683375762,0.7631428283688878,-0.07075348355648,-0.0285986285496058,True,True,0.1587357148542415,0.0001058430832918,False,False,-6.394884621840901e-16,-0.7799919235378815,,20260930
weibull,500,7,Monotone fixed,Exact reserve,0.15,0.1304349796924862,0.6501176932983828,0.0580566534823881,0.7631428283688878,0.7631428283688878,-0.113025135070505,-0.113025135070505,True,True,0.2275820816509614,0.0012422849031712,False,False,,,,20260930
weibull,500,7,Monotone adaptive,Fixed bandwidth,0.15,0.3333333333333333,0.7401090893021924,0.0487637939408829,0.805297683375762,0.7631428283688878,-0.0651885940735695,-0.0230337390666953,True,True,0.1911540722482609,6.987835580885005e-05,False,False,0.0,-0.6852905823762256,,20260930
weibull,500,7,Monotone adaptive,Exact reserve,0.15,0.3333333333333333,0.6549921710034277,0.0732856375741142,0.7631428283688878,0.7631428283688878,-0.1081506573654601,-0.1081506573654601,True,True,0.2872796992905277,0.0011574494646318,False,False,,,,20260930
weibull,500,7,Empirical DML,Fixed bandwidth,0.15,0.0,0.7349698736621266,0.0392286142710715,0.805297683375762,0.7631428283688878,-0.0703278097136353,-0.0281729547067611,True,True,0.1537761679426005,0.00010285464515,False,False,3.618225719037582e-13,-0.7851183727523471,,20260930
weibull,500,7,Empirical DML,Exact reserve,0.15,0.0,0.6518511679082167,0.0555654139688767,0.7631428283688878,0.7631428283688878,-0.111291660460671,-0.111291660460671,False,False,0.2178164227579967,0.0012119784528668,False,False,,,,20260930
weibull,500,7,Smooth plug-in,Fixed bandwidth,0.15,0.0,0.7421623433893202,0.0396940167741377,0.805297683375762,0.7631428283688878,-0.0631353399864418,-0.0209804849795676,True,True,0.1556005457546199,5.835085261196582e-05,False,False,1.6042722705833512e-14,-0.7398964768534633,,20260930
weibull,500,7,Smooth plug-in,Exact reserve,0.15,0.0,0.6601830943544841,0.0572159088695838,0.7631428283688878,0.7631428283688878,-0.1029597340144037,-0.1029597340144037,True,True,0.2242863627687686,0.0010685364720843,False,False,,,,20260930
weibull,500,8,Monotone fixed,Fixed bandwidth,0.15,0.1304349796924862,0.7850580048784805,0.0391845241521721,0.805297683375762,0.7631428283688878,-0.0202396784972814,0.0219151765095927,True,True,0.1536033346765149,7.250093640931432e-05,False,False,1.3700152123874432e-16,-0.984125280124274,,20260930
weibull,500,8,Monotone fixed,Exact reserve,0.15,0.1304349796924862,0.7441239809703784,0.0559810435574539,0.7631428283688878,0.7631428283688878,-0.0190188473985094,-0.0190188473985094,True,True,0.2194456907452194,4.824510235978963e-05,False,False,,,,20260930
weibull,500,8,Monotone adaptive,Fixed bandwidth,0.15,0.8333333333333334,0.7863058066346275,0.0421129376125469,0.805297683375762,0.7631428283688878,-0.0189918767411345,0.0231629782657396,True,True,0.1650827154411841,8.12875062075058e-05,False,False,8.938960682769449e-16,-0.960925369061978,,20260930
weibull,500,8,Monotone adaptive,Exact reserve,0.15,0.8333333333333334,0.7460002423874507,0.061225800324792,0.7631428283688878,0.7631428283688878,-0.0171425859814371,-0.0171425859814371,True,True,0.2400051372731847,3.9425947240712134e-05,False,False,,,,20260930
weibull,500,8,Empirical DML,Fixed bandwidth,0.15,0.0,0.7851638695611759,0.0388047770009673,0.805297683375762,0.7631428283688878,-0.0201338138145861,0.022021041192288,True,True,0.1521147258437918,7.322569121503975e-05,False,False,1.5765166949677218e-17,-0.9863729116605058,,20260930
weibull,500,8,Empirical DML,Exact reserve,0.15,0.0,0.7442521971475966,0.0552977116265987,0.7631428283688878,0.7631428283688878,-0.0188906312212912,-0.0188906312212912,True,True,0.216767029576267,4.761586836332654e-05,False,False,,,,20260930
weibull,500,8,Smooth plug-in,Fixed bandwidth,0.15,0.0,0.7800584552485428,0.0375229327306383,0.805297683375762,0.7631428283688878,-0.0252392281272192,0.0169156268796549,True,True,0.1470898963041023,4.256564589844025e-05,False,False,6.054323709037135e-12,-0.961044110679432,,20260930
weibull,500,8,Smooth plug-in,Exact reserve,0.15,0.0,0.7370462743685576,0.0536289272732411,0.7631428283688878,0.7631428283688878,-0.0260965540003301,-0.0260965540003301,True,True,0.2102253949111052,8.88346839846843e-05,False,False,,,,20260930
weibull,500,9,Monotone fixed,Fixed bandwidth,0.15,0.1304349796924862,0.828918044077537,0.0388258301126719,0.805297683375762,0.7631428283688878,0.0236203607017749,0.0657752157086491,True,True,0.1521972540416738,0.0007388129333214,False,False,-5.027089855502708e-16,-1.040180835617539,,20260930
weibull,500,9,Monotone fixed,Exact reserve,0.15,0.1304349796924862,0.8113625265700507,0.0532232714743189,0.7631428283688878,0.7631428283688878,0.0482196982011629,0.0482196982011629,True,True,0.2086352241793302,0.0003783756775739,False,False,,,,20260930
weibull,500,9,Monotone adaptive,Fixed bandwidth,0.15,0.1666666666666666,0.8219210745118917,0.0395068595806616,0.805297683375762,0.7631428283688878,0.0166233911361296,0.0587782461430038,True,True,0.1548668895561937,0.0005788669399555,False,False,9.308109838457313e-16,-1.0316426324207126,,20260930
weibull,500,9,Monotone adaptive,Exact reserve,0.15,0.1666666666666666,0.7964373563879323,0.0549145942980103,0.7631428283688878,0.7631428283688878,0.0332945280190445,0.0332945280190445,True,True,0.2152652096482006,0.0001729402100805,False,False,,,,20260930
weibull,500,9,Empirical DML,Fixed bandwidth,0.15,0.0,0.8301084246374454,0.0384860885421659,0.805297683375762,0.7631428283688878,0.0248107412616833,0.0669655962685575,True,True,0.1508654670852903,0.0007682613154746,False,False,-9.414691248821327e-17,-1.036619186702978,,20260930
weibull,500,9,Empirical DML,Exact reserve,0.15,0.0,0.8128120566390398,0.052656243159256,0.7631428283688878,0.7631428283688878,0.0496692282701519,0.0496692282701519,True,True,0.2064124731842837,0.0004030907964196,False,False,,,,20260930
weibull,500,9,Smooth plug-in,Fixed bandwidth,0.15,0.0,0.8214257084780243,0.0369883184324467,0.805297683375762,0.7631428283688878,0.0161280251022623,0.0582828801091365,True,True,0.1449942082551913,0.000568379463014,False,False,3.3306690738754696e-16,-1.002522262818217,,20260930
weibull,500,9,Smooth plug-in,Exact reserve,0.15,0.0,0.8004222878731745,0.0506830040294736,0.7631428283688878,0.7631428283688878,0.0372794595042866,0.0372794595042866,True,True,0.1986773757955368,0.0002192952011597,False,False,,,,20260930
weibull,500,10,Monotone fixed,Fixed bandwidth,0.15,0.1304349796924862,0.7418203478480533,0.0382756132806187,0.805297683375762,0.7631428283688878,-0.0634773355277087,-0.0213224805208345,True,True,0.1500404040600254,6.0204000800645474e-05,False,False,8.476774837617996e-15,-0.8508644971023037,,20260930
weibull,500,10,Monotone fixed,Exact reserve,0.15,0.1304349796924862,0.6737960760031034,0.0566626976196583,0.7631428283688878,0.7631428283688878,-0.0893467523657843,-0.0893467523657843,True,True,0.2221177746690605,0.0008440258167956,False,False,,,,20260930
weibull,500,10,Monotone adaptive,Fixed bandwidth,0.15,0.3333333333333333,0.7430788820320104,0.0375166203442202,0.805297683375762,0.7631428283688878,-0.0622188013437515,-0.0200639463368773,True,True,0.1470651517493432,5.351759443716908e-05,False,False,-1.6687096149325953e-14,-0.8749026620038335,,20260930
weibull,500,10,Monotone adaptive,Exact reserve,0.15,0.3333333333333333,0.6768241242264399,0.0551781472819804,0.7631428283688878,0.7631428283688878,-0.0863187041424479,-0.0863187041424479,True,True,0.2162983373453634,0.0007961037611525,False,False,,,,20260930
weibull,500,10,Empirical DML,Fixed bandwidth,0.15,0.0,0.742681415256651,0.037838508174915,0.805297683375762,0.7631428283688878,-0.062616268119111,-0.0204614131122368,True,True,0.1483269520456668,5.558969185237572e-05,False,False,-1.77280412572145e-14,-0.8543700663699737,,20260930
weibull,500,10,Empirical DML,Exact reserve,0.15,0.0,0.6756251726397212,0.0557312205886543,0.7631428283688878,0.7631428283688878,-0.0875176557291665,-0.0875176557291665,True,True,0.2184663847075248,0.0008149806896986,False,False,,,,20260930
weibull,500,10,Smooth plug-in,Fixed bandwidth,0.15,0.0,0.7421552534668476,0.0376824392420067,0.805297683375762,0.7631428283688878,-0.0631424299089143,-0.0209875749020401,True,True,0.1477151618286662,5.8388978849910345e-05,False,False,1.454392162258955e-14,-0.8332041720254812,,20260930
weibull,500,10,Smooth plug-in,Exact reserve,0.15,0.0,0.6718634463809591,0.0555452570527536,0.7631428283688878,0.7631428283688878,-0.0912793819879287,-0.0912793819879287,True,True,0.2177374076467942,0.0008750282775844,False,False,,,,20260930
weibull,500,1,Initialization fixed,Fixed bandwidth,0.15,0.1304349796924862,0.7876813975962964,0.0555843626591015,0.805297683375762,0.7631428283688878,-0.0176162857794656,0.0245385692274086,True,True,0.2178907016236779,9.159525621060816e-05,False,False,-4.973799150320702e-17,-0.5427989995832583,,20260930
weibull,500,1,Initialization fixed,Exact reserve,0.15,0.1304349796924862,0.7496888966255862,0.0893790175509075,0.7631428283688878,0.7631428283688878,-0.0134539317433015,-0.0134539317433015,True,True,0.3503657487995574,2.4564532246085236e-05,False,False,,,,20260930
weibull,500,1,Initialization adaptive,Fixed bandwidth,0.15,0.3333333333333333,0.8123108994010633,0.055329904999762,0.805297683375762,0.7631428283688878,0.0070132160253012,0.0491680710321754,True,True,0.2168932275990674,0.0003944469253376,False,False,-8.171241461241152e-17,-0.6399320482917936,,20260930
weibull,500,1,Initialization adaptive,Exact reserve,0.15,0.3333333333333333,0.7944524032613082,0.0868888954187447,0.7631428283688878,0.7631428283688878,0.0313095748924203,0.0313095748924203,True,True,0.3406044700414792,0.0001520656473406,False,False,,,,20260930
weibull,500,1,Initialization matched,Fixed bandwidth,0.15,0.3333333333333333,0.8123108994010633,0.055329904999762,0.805297683375762,0.7631428283688878,0.0070132160253012,0.0491680710321754,True,True,0.2168932275990674,0.0003944469253376,False,False,-8.171241461241152e-17,-0.6399320482917936,,20260930
weibull,500,1,Initialization matched,Exact reserve,0.15,0.3333333333333333,0.7944524032613082,0.0868888954187447,0.7631428283688878,0.7631428283688878,0.0313095748924203,0.0313095748924203,True,True,0.3406044700414792,0.0001520656473406,False,False,,,,20260930
weibull,500,2,Initialization fixed,Fixed bandwidth,0.15,0.1304349796924862,0.848023089929298,0.040516580813858,0.805297683375762,0.7631428283688878,0.0427254065535359,0.0848802615604101,True,False,0.1588249967903236,0.0012943568660424,False,False,-4.476419235288631e-16,-0.9226879110519004,,20260930
weibull,500,2,Initialization fixed,Exact reserve,0.15,0.1304349796924862,0.8332939398050636,0.0548128485323164,0.7631428283688878,0.7631428283688878,0.0701511114361758,0.0701511114361758,True,True,0.2148663662466804,0.0008503428960462,False,False,,,,20260930
weibull,500,2,Initialization adaptive,Fixed bandwidth,0.15,0.0833333333333333,0.8474413423509899,0.0407400005393564,0.805297683375762,0.7631428283688878,0.0421436589752278,0.084298513982102,True,False,0.1597008021142773,0.0012747385793241,False,False,1.314504061156185e-16,-0.8918903991751391,,20260930
weibull,500,2,Initialization adaptive,Exact reserve,0.15,0.0833333333333333,0.8316872346015832,0.0556016844019206,0.7631428283688878,0.7631428283688878,0.0685444062326954,0.0685444062326954,True,True,0.2179586028555287,0.0008083430591916,False,False,,,,20260930
weibull,500,2,Initialization matched,Fixed bandwidth,0.15,0.0,0.8472297175752357,0.039142821788356,0.805297683375762,0.7631428283688878,0.0419320341994736,0.0840868892063478,True,False,0.1534398614103558,0.0012676456054285,False,False,2.7267077484793844e-16,-0.922602629208482,,20260930
weibull,500,2,Initialization matched,Exact reserve,0.15,0.0,0.8320502986994575,0.052612175372606,0.7631428283688878,0.7631428283688878,0.0689074703305696,0.0689074703305696,True,True,0.2062397274606155,0.0008177265220294,False,False,,,,20260930
weibull,500,3,Initialization fixed,Fixed bandwidth,0.15,0.1304349796924862,0.8007451961726855,0.0382054746962372,0.805297683375762,0.7631428283688878,-0.0045524872030765,0.0376023678037976,True,True,0.1497654608092499,0.0002233156099384,False,False,1.6431300764452314e-16,-1.126382790619216,,20260930
weibull,500,3,Initialization fixed,Exact reserve,0.15,0.1304349796924862,0.766523802357231,0.0485823045472391,0.7631428283688878,0.7631428283688878,0.0033809739883432,0.0033809739883432,True,True,0.1904426338251773,1.633230361175464e-06,False,False,,,,20260930
weibull,500,3,Initialization adaptive,Fixed bandwidth,0.15,0.5,0.8410779874560177,0.0496226152002313,0.805297683375762,0.7631428283688878,0.0357803040802556,0.0779351590871298,True,True,0.194520651584907,0.0010714926109887,False,False,6.781242234410456e-15,-1.123086519213805,,20260930
weibull,500,3,Initialization adaptive,Exact reserve,0.15,0.5,0.8152368829013475,0.0657919909410454,0.7631428283688878,0.7631428283688878,0.0520940545324597,0.0520940545324597,True,True,0.257904604488898,0.0004464040314307,False,False,,,,20260930
weibull,500,3,Initialization matched,Fixed bandwidth,0.15,0.5,0.8410779874560177,0.0496226152002313,0.805297683375762,0.7631428283688878,0.0357803040802556,0.0779351590871298,True,True,0.194520651584907,0.0010714926109887,False,False,6.781242234410456e-15,-1.123086519213805,,20260930
weibull,500,3,Initialization matched,Exact reserve,0.15,0.5,0.8152368829013475,0.0657919909410454,0.7631428283688878,0.7631428283688878,0.0520940545324597,0.0520940545324597,True,True,0.257904604488898,0.0004464040314307,False,False,,,,20260930
weibull,500,4,Initialization fixed,Fixed bandwidth,0.15,0.1304349796924862,0.7866694554934764,0.0369097830493943,0.805297683375762,0.7631428283688878,-0.0186282278822855,0.0235266271245886,True,True,0.1446863495536258,8.394881713824631e-05,False,False,-1.6793292090255817e-11,-0.789305877072327,,20260930
weibull,500,4,Initialization fixed,Exact reserve,0.15,0.1304349796924862,0.7707965887130772,0.0546178291963422,0.7631428283688878,0.7631428283688878,0.0076537603441894,0.0076537603441894,True,True,0.2141018904496614,8.477846079157914e-06,False,False,,,,20260930
weibull,500,4,Initialization adaptive,Fixed bandwidth,0.15,0.3333333333333333,0.8013832457082837,0.0376775469761386,0.805297683375762,0.7631428283688878,-0.0039144376674783,0.0382404173393958,True,True,0.1476959841464633,0.0002313775989815,False,False,4.449773882697627e-16,-0.8639873477037652,,20260930
weibull,500,4,Initialization adaptive,Exact reserve,0.15,0.3333333333333333,0.7956304178311293,0.0550789555723686,0.7631428283688878,0.7631428283688878,0.0324875894622415,0.0324875894622415,True,True,0.2159095058436851,0.0001642785004702,False,False,,,,20260930
weibull,500,4,Initialization matched,Fixed bandwidth,0.15,0.6666666666666666,0.8070322343037044,0.0392447931854025,0.805297683375762,0.7631428283688878,0.0017345509279423,0.0438894059348166,True,True,0.1538395892867779,0.0003096899135637,False,False,2.3003821070233244e-16,-0.914400790845018,,20260930
weibull,500,4,Initialization matched,Exact reserve,0.15,0.6666666666666666,0.8048125343475976,0.0572428650393784,0.7631428283688878,0.7631428283688878,0.0416697059787097,0.0416697059787097,True,True,0.2243920309543633,0.0002774170400525,False,False,,,,20260930
weibull,500,5,Initialization fixed,Fixed bandwidth,0.15,0.1304349796924862,0.7987063434942577,0.0349829180356739,0.805297683375762,0.7631428283688878,-0.0065913398815042,0.0355635151253699,True,True,0.1371330386998418,0.0001985987564658,False,False,-1.6768808563938365e-15,-1.0769567839404015,,20260930
weibull,500,5,Initialization fixed,Exact reserve,0.15,0.1304349796924862,0.7674358142712471,0.0443356661938231,0.7631428283688878,0.7631428283688878,0.0042929859023592,0.0042929859023592,True,True,0.1737958114797866,2.640418010457779e-06,False,False,,,,20260930
weibull,500,5,Initialization adaptive,Fixed bandwidth,0.15,0.1666666666666666,0.8075991862402252,0.0356218347919587,0.805297683375762,0.7631428283688878,0.0023015028644631,0.0444563578713373,True,True,0.1396375923844784,0.0003182491621991,False,False,-5.440092820663267e-15,-1.1091249666435088,,20260930
weibull,500,5,Initialization adaptive,Exact reserve,0.15,0.1666666666666666,0.78062309336628,0.0446590039666559,0.7631428283688878,0.7631428283688878,0.0174802649973921,0.0174802649973921,True,True,0.1750632955492911,4.55303858448719e-05,False,False,,,,20260930
weibull,500,5,Initialization matched,Fixed bandwidth,0.15,0.0,0.7992366143178341,0.0337480498126464,0.805297683375762,0.7631428283688878,-0.0060610690579279,0.0360937859489463,True,True,0.1322923552655739,0.0002048748902725,False,False,-4.574118861455645e-16,-1.0792438281283223,,20260930
weibull,500,5,Initialization matched,Exact reserve,0.15,0.0,0.7682411639863523,0.042350420653294,0.7631428283688878,0.7631428283688878,0.0050983356174645,0.0050983356174645,True,True,0.1660136489609127,3.733058953292456e-06,False,False,,,,20260930
weibull,500,6,Initialization fixed,Fixed bandwidth,0.15,0.1304349796924862,0.8213202190869212,0.0516427690014351,0.805297683375762,0.7631428283688878,0.0160225357111591,0.0581773907180334,True,True,0.2024396544856256,0.000566160255975,False,False,1.34647848426539e-15,-0.7994105986573529,,20260930
weibull,500,6,Initialization fixed,Exact reserve,0.15,0.1304349796924862,0.7751958879224806,0.0767882106115695,0.7631428283688878,0.7631428283688878,0.0120530595535928,0.0120530595535928,True,True,0.3010097855973527,2.130244467557496e-05,False,False,,,,20260930
weibull,500,6,Initialization adaptive,Fixed bandwidth,0.15,0.0,0.8208970580351931,0.0486511040778646,0.805297683375762,0.7631428283688878,0.015599374659431,0.0577542296663052,True,True,0.1907123279852293,0.0005573072677687,False,False,3.1974423109204507e-16,-0.8072248317268559,,20260930
weibull,500,6,Initialization adaptive,Exact reserve,0.15,0.0,0.7748524491330444,0.0715232468754825,0.7631428283688878,0.7631428283688878,0.0117096207641566,0.0117096207641566,True,True,0.2803711277518916,2.0085211138054504e-05,False,False,,,,20260930
weibull,500,6,Initialization matched,Fixed bandwidth,0.15,0.0,0.8208970580351931,0.0486511040778646,0.805297683375762,0.7631428283688878,0.015599374659431,0.0577542296663052,True,True,0.1907123279852293,0.0005573072677687,False,False,3.1974423109204507e-16,-0.8072248317268559,,20260930
weibull,500,6,Initialization matched,Exact reserve,0.15,0.0,0.7748524491330444,0.0715232468754825,0.7631428283688878,0.7631428283688878,0.0117096207641566,0.0117096207641566,True,True,0.2803711277518916,2.0085211138054504e-05,False,False,,,,20260930
weibull,500,7,Initialization fixed,Fixed bandwidth,0.15,0.1304349796924862,0.734641175153659,0.0409450840658768,0.805297683375762,0.7631428283688878,-0.070656508222103,-0.0285016532152287,True,True,0.1605047295382374,0.0001051589042961,False,False,-4.1211478674085813e-16,-0.7789611695831411,,20260930
weibull,500,7,Initialization fixed,Exact reserve,0.15,0.1304349796924862,0.6501524896554781,0.0589110203585182,0.7631428283688878,0.7631428283688878,-0.1129903387134096,-0.1129903387134096,True,True,0.2309311998053916,0.0012416751452373,False,False,,,,20260930
weibull,500,7,Initialization adaptive,Fixed bandwidth,0.15,0.3333333333333333,0.7671292186394474,0.060986275334863,0.805297683375762,0.7631428283688878,-0.0381684647363146,0.0039863902705595,True,True,0.2390661993126629,2.274649529399042e-06,False,False,3.531397396727698e-15,-0.629469401721643,,20260930
weibull,500,7,Initialization adaptive,Exact reserve,0.15,0.3333333333333333,0.699751616169292,0.0939175937853793,0.7631428283688878,0.7631428283688878,-0.0633912121995957,-0.0633912121995957,True,True,0.3681569676386871,0.000464224764429,False,False,,,,20260930
weibull,500,7,Initialization matched,Fixed bandwidth,0.15,0.3333333333333333,0.7671292186394474,0.060986275334863,0.805297683375762,0.7631428283688878,-0.0381684647363146,0.0039863902705595,True,True,0.2390661993126629,2.274649529399042e-06,False,False,3.531397396727698e-15,-0.629469401721643,,20260930
weibull,500,7,Initialization matched,Exact reserve,0.15,0.3333333333333333,0.699751616169292,0.0939175937853793,0.7631428283688878,0.7631428283688878,-0.0633912121995957,-0.0633912121995957,True,True,0.3681569676386871,0.000464224764429,False,False,,,,20260930
weibull,500,8,Initialization fixed,Fixed bandwidth,0.15,0.1304349796924862,0.7854430331957672,0.040104795503646,0.805297683375762,0.7631428283688878,-0.0198546501799947,0.0223002048268794,True,True,0.1572107983742924,7.515530678259275e-05,False,False,7.838174553853605e-17,-0.984792344909463,,20260930
weibull,500,8,Initialization fixed,Exact reserve,0.15,0.1304349796924862,0.7447065026626315,0.0575075779987331,0.7631428283688878,0.7631428283688878,-0.0184363257062563,-0.0184363257062563,True,True,0.225429705755034,4.541762525045456e-05,False,False,,,,20260930
weibull,500,8,Initialization adaptive,Fixed bandwidth,0.15,0.5,0.8044628145929411,0.0487393579539587,0.805297683375762,0.7631428283688878,-0.0008348687828209,0.0413199862240533,True,True,0.1910582831795182,0.0002725108252965,False,False,-1.869239429908021e-11,-0.9780637924407286,,20260930
weibull,500,8,Initialization adaptive,Exact reserve,0.15,0.5,0.7737121643958162,0.0711904553017928,0.7631428283688878,0.7631428283688878,0.0105693360269284,0.0105693360269284,True,True,0.2790665847830278,1.6308434212852774e-05,False,False,,,,20260930
weibull,500,8,Initialization matched,Fixed bandwidth,0.15,0.8333333333333334,0.8080006720831229,0.0523874863276803,0.805297683375762,0.7631428283688878,0.0027029887073608,0.044857843714235,True,True,0.205358946404507,0.0003243887547372,False,False,-1.304734098539484e-15,-0.9392926250058808,,20260930
weibull,500,8,Initialization matched,Exact reserve,0.15,0.8333333333333334,0.7790158832724129,0.0777671700580424,0.7631428283688878,0.7631428283688878,0.015873054903525,0.015873054903525,True,True,0.3048473066275264,3.736527391207112e-05,False,False,,,,20260930
weibull,500,9,Initialization fixed,Fixed bandwidth,0.15,0.1304349796924862,0.8312809609399547,0.0398441699318772,0.805297683375762,0.7631428283688878,0.0259832775641927,0.0681381325710669,True,True,0.1561891461329589,0.0007979167156877,False,False,1.8829382497642654e-16,-1.041513544473105,,20260930
weibull,500,9,Initialization fixed,Exact reserve,0.15,0.1304349796924862,0.8147106986413567,0.0547675920691278,0.7631428283688878,0.7631428283688878,0.0515678702724688,0.0515678702724688,True,True,0.2146889609109813,0.0004367941448233,False,False,,,,20260930
weibull,500,9,Initialization adaptive,Fixed bandwidth,0.15,0.1666666666666666,0.8278871758730142,0.0401005050747545,0.805297683375762,0.7631428283688878,0.0225894924972521,0.0647443475041263,True,True,0.1571939798930379,0.000713842982229,False,False,-1.0640377468007502e-15,-1.0197072083996517,,20260930
weibull,500,9,Initialization adaptive,Exact reserve,0.15,0.1666666666666666,0.8074564642569676,0.0555525534333387,0.7631428283688878,0.7631428283688878,0.0443136358880797,0.0443136358880797,True,True,0.2177660094586878,0.000316082293416,False,False,,,,20260930
weibull,500,9,Initialization matched,Fixed bandwidth,0.15,0.1666666666666666,0.8222569005487971,0.0393403766135608,0.805297683375762,0.7631428283688878,0.016959217173035,0.0591140721799092,True,True,0.1542142763251586,0.0005860387736538,False,False,1.389111048410996e-15,-1.029281053933797,,20260930
weibull,500,9,Initialization matched,Exact reserve,0.15,0.1666666666666666,0.7971090084617432,0.0545923831210582,0.7631428283688878,0.7631428283688878,0.0339661800928553,0.0339661800928553,True,True,0.2140021418345483,0.0001803343889248,False,False,,,,20260930
weibull,500,10,Initialization fixed,Fixed bandwidth,0.15,0.1304349796924862,0.7423145159542436,0.0392340751503561,0.805297683375762,0.7631428283688878,-0.0629831674215184,-0.0208283124146442,True,True,0.1537975745893959,5.753491041105008e-05,False,False,1.5731416169728618e-14,-0.8522074893576281,,20260930
weibull,500,10,Initialization fixed,Exact reserve,0.15,0.1304349796924862,0.6746776748657407,0.0584003580361025,0.7631428283688878,0.7631428283688878,-0.0884651535031471,-0.0884651535031471,True,True,0.2289294035015221,0.00082998978874,False,False,,,,20260930
weibull,500,10,Initialization adaptive,Fixed bandwidth,0.15,0.0,0.742681415256651,0.037838508174915,0.805297683375762,0.7631428283688878,-0.062616268119111,-0.0204614131122368,True,True,0.1483269520456668,5.558969185237572e-05,False,False,-1.77280412572145e-14,-0.8543700663699737,,20260930
weibull,500,10,Initialization adaptive,Exact reserve,0.15,0.0,0.6756251726397212,0.0557312205886543,0.7631428283688878,0.7631428283688878,-0.0875176557291665,-0.0875176557291665,True,True,0.2184663847075248,0.0008149806896986,False,False,,,,20260930
weibull,500,10,Initialization matched,Fixed bandwidth,0.15,0.3333333333333333,0.7430086336398857,0.0430176258167074,0.805297683375762,0.7631428283688878,-0.0622890497358763,-0.0201341947290021,True,True,0.1686290932014931,5.388116949323063e-05,False,False,-2.101074869642616e-14,-0.8590346857777044,,20260930
weibull,500,10,Initialization matched,Exact reserve,0.15,0.3333333333333333,0.6750160945368976,0.0650410461442071,0.7631428283688878,0.7631428283688878,-0.0881267338319902,-0.0881267338319902,True,True,0.2549609008852922,0.0008246198222792,False,False,,,,20260930
weibull,2000,1,Monotone fixed,Fixed bandwidth,0.15,0.0361445825096095,0.8133051652532345,0.020719217790354,0.805297683375762,0.7631428283688878,0.0080074818774724,0.0501623368843466,True,False,0.0812193337381878,0.0004116984385837,False,False,-1.1787725462397703e-11,-0.7918450288832624,,20260930
weibull,2000,1,Monotone fixed,Exact reserve,0.1136787424882798,0.0361445825096095,0.7805623441446568,0.0566424497950432,0.7631428283688878,0.7631428283688878,0.0174195157757689,0.0174195157757689,True,True,0.2220384031965695,4.5206372312645016e-05,False,False,,,,20260930
weibull,2000,1,Monotone adaptive,Fixed bandwidth,0.15,0.3333333333333333,0.8144482293424733,0.0219548460706505,0.805297683375762,0.7631428283688878,0.0091505459667112,0.0513054009735854,True,False,0.0860629965969502,0.0004320445270293,False,False,-2.134893151151118e-12,-0.7903658931720513,,20260930
weibull,2000,1,Monotone adaptive,Exact reserve,0.1136787424882798,0.4166666666666667,0.7953683907568392,0.065177524251003,0.7631428283688878,0.7631428283688878,0.0322255623879513,0.0322255623879513,True,True,0.2554958950639318,0.0001615177013805,False,False,,,,20260930
weibull,2000,1,Empirical DML,Fixed bandwidth,0.15,0.0,0.8131894478716528,0.0205616275509369,0.805297683375762,0.7631428283688878,0.0078917644958907,0.050046619502765,True,False,0.080601579999673,0.0004096693626265,False,False,-1.2300319873759236e-11,-0.7918922885665179,,20260930
weibull,2000,1,Empirical DML,Exact reserve,0.1136787424882798,0.0,0.7803921081944152,0.0560662897415306,0.7631428283688878,0.7631428283688878,0.0172492798255273,0.0172492798255273,True,True,0.2197798557868002,4.4304857938382014e-05,False,False,,,,20260930
weibull,2000,1,Smooth plug-in,Fixed bandwidth,0.15,0.0,0.8126192277994988,0.0205685123973386,0.805297683375762,0.7631428283688878,0.0073215444237367,0.0494763994306109,True,False,0.0806285685975673,0.0003997525366095,False,False,-1.2033318785853451e-11,-0.7787941946649224,,20260930
weibull,2000,1,Smooth plug-in,Exact reserve,0.1136787424882798,0.0,0.7784339460245486,0.0581948894207179,0.7631428283688878,0.7631428283688878,0.0152911176556608,0.0152911176556608,True,True,0.2281239665292142,3.461623982192741e-05,False,False,,,,20260930
weibull,2000,2,Monotone fixed,Fixed bandwidth,0.15,0.0361445825096095,0.7979512795363399,0.0166805247268292,0.805297683375762,0.7631428283688878,-0.007346403839422,0.0348084511674521,True,False,0.0653876569291708,0.0001898454982369,False,False,-1.4832579608992092e-16,-1.064557864399258,,20260930
weibull,2000,2,Monotone fixed,Exact reserve,0.1136787424882798,0.0361445825096095,0.7891883916891124,0.0292655252858688,0.7631428283688878,0.7631428283688878,0.0260455633202245,0.0260455633202245,True,True,0.1147208591206059,0.0001036437488839,False,False,,,,20260930
weibull,2000,2,Monotone adaptive,Fixed bandwidth,0.15,0.4166666666666667,0.8060128435685069,0.0184781839275425,0.805297683375762,0.7631428283688878,0.0007151601927448,0.042870015199619,True,False,0.0724344809959666,0.0002946247018222,False,False,-3.552713678800501e-17,-1.1354622193326236,,20260930
weibull,2000,2,Monotone adaptive,Exact reserve,0.1136787424882798,0.3333333333333333,0.8099002375671496,0.029489225662499,0.7631428283688878,0.7631428283688878,0.0467574091982617,0.0467574091982617,True,True,0.1155977645969963,0.0003543244890129,False,False,,,,20260930
weibull,2000,2,Empirical DML,Fixed bandwidth,0.15,0.0,0.7978967514622181,0.0166304888374741,0.805297683375762,0.7631428283688878,-0.0074009319135439,0.0347539230933302,True,False,0.0651915162428987,0.0001892217380756,False,False,-2.233768725545815e-16,-1.0635692226165894,,20260930
weibull,2000,2,Empirical DML,Exact reserve,0.1136787424882798,0.0,0.7890532041941758,0.0291803522168609,0.7631428283688878,0.7631428283688878,0.0259103758252879,0.0259103758252879,True,True,0.114386980690095,0.0001025303501873,False,False,,,,20260930
weibull,2000,2,Smooth plug-in,Fixed bandwidth,0.15,0.0,0.7986423345809793,0.0165810050988167,0.805297683375762,0.7631428283688878,-0.0066553487947826,0.0354995062120915,True,False,0.0649975399873615,0.0001978483034281,False,False,-9.61170032454106e-12,-1.059761777239543,,20260930
weibull,2000,2,Smooth plug-in,Exact reserve,0.1136787424882798,0.0,0.7892551245489897,0.0288689376110581,0.7631428283688878,0.7631428283688878,0.0261122961801019,0.0261122961801019,True,True,0.1131662354353478,0.0001041956333971,False,False,,,,20260930
weibull,2000,3,Monotone fixed,Fixed bandwidth,0.15,0.0361445825096095,0.7757031242210808,0.0160639616891283,0.805297683375762,0.7631428283688878,-0.0295945591546812,0.0125602958521929,True,True,0.0629707298213833,2.316797767365486e-05,False,False,-1.1990408665951691e-16,-1.1301694419864905,,20260930
weibull,2000,3,Monotone fixed,Exact reserve,0.1136787424882798,0.0361445825096095,0.7499698308330962,0.029566906920937,0.7631428283688878,0.7631428283688878,-0.0131729975357915,-0.0131729975357915,True,True,0.1159022751300732,2.3569874796347538e-05,False,False,,,,20260930
weibull,2000,3,Monotone adaptive,Fixed bandwidth,0.15,0.3333333333333333,0.7748265278484325,0.0166937212294763,0.805297683375762,0.7631428283688878,-0.0304711555273294,0.0116836994795447,True,True,0.0654393872195474,1.9994884675966773e-05,False,False,2.214256333843423e-12,-1.1412678000813692,,20260930
weibull,2000,3,Monotone adaptive,Exact reserve,0.1136787424882798,0.3333333333333333,0.7499723304987019,0.0308557459353472,0.7631428283688878,0.7631428283688878,-0.0131704978701858,-0.0131704978701858,True,True,0.1209545240665611,2.356111890722268e-05,False,False,,,,20260930
weibull,2000,3,Empirical DML,Fixed bandwidth,0.15,0.0,0.7758117496952577,0.0160342095672511,0.805297683375762,0.7631428283688878,-0.0294859336805043,0.0126689213263698,True,True,0.0628541015036244,2.357805267338975e-05,False,False,9.50350909079134e-17,-1.1293255377609013,,20260930
weibull,2000,3,Empirical DML,Exact reserve,0.1136787424882798,0.0,0.7500058121570395,0.0295376156742584,0.7631428283688878,0.7631428283688878,-0.0131370162118482,-0.0131370162118482,True,True,0.1157874534430932,2.344388977038037e-05,False,False,,,,20260930
weibull,2000,3,Smooth plug-in,Fixed bandwidth,0.15,0.0,0.7745276827798493,0.0158467724874314,0.805297683375762,0.7631428283688878,-0.0307700005959127,0.0113848544109614,True,True,0.0621193481507312,1.8968200749647224e-05,False,False,1.5653423002248698e-11,-1.1371786728170408,,20260930
weibull,2000,3,Smooth plug-in,Exact reserve,0.1136787424882798,0.0,0.7491961795048234,0.0281668898470059,0.7631428283688878,0.7631428283688878,-0.0139466488640643,-0.0139466488640643,True,True,0.1104142082002632,2.6356388673320907e-05,False,False,,,,20260930
weibull,2000,4,Monotone fixed,Fixed bandwidth,0.15,0.0361445825096095,0.8075961677012874,0.01732606723383,0.805297683375762,0.7631428283688878,0.0022984843255253,0.0444533393323995,True,False,0.0679181835566139,0.0003182032366135,False,False,-3.6948222259525213e-16,-1.0992332148251591,,20260930
weibull,2000,4,Monotone fixed,Exact reserve,0.1136787424882798,0.0361445825096095,0.7922714939930731,0.0276919716849952,0.7631428283688878,0.7631428283688878,0.0291286656241852,0.0291286656241852,True,True,0.1085525290051814,0.0001307947747359,False,False,,,,20260930
weibull,2000,4,Monotone adaptive,Fixed bandwidth,0.15,0.5,0.8055813903727539,0.0182671695664655,0.805297683375762,0.7631428283688878,0.0002837069969918,0.042438562003866,True,False,0.0716073047005449,0.0002883735028,False,False,-1.509903313490213e-17,-1.1066073290961809,,20260930
weibull,2000,4,Monotone adaptive,Exact reserve,0.1136787424882798,0.5,0.789598820476464,0.0299419937181563,0.7631428283688878,0.7631428283688878,0.0264559921075762,0.0264559921075762,True,True,0.1173726153751729,0.0001070632913482,False,False,,,,20260930
weibull,2000,4,Empirical DML,Fixed bandwidth,0.15,0.0,0.8076498911367209,0.0172830849747806,0.805297683375762,0.7631428283688878,0.0023522077609589,0.0445070627678331,True,False,0.06774969310114,0.0003190209740322,False,False,-3.5837999234900055e-16,-1.0985210221397512,,20260930
weibull,2000,4,Empirical DML,Exact reserve,0.1136787424882798,0.0,0.7922598410426761,0.0275809679741577,0.7631428283688878,0.7631428283688878,0.0291170126737883,0.0291170126737883,True,True,0.1081173944586983,0.0001306857344787,False,False,,,,20260930
weibull,2000,4,Smooth plug-in,Fixed bandwidth,0.15,0.0,0.8052645416122062,0.0168950094763926,0.805297683375762,0.7631428283688878,-3.314176355584397e-05,0.0421217132433183,True,False,0.0662284371474591,0.0002838298919738,False,False,0.0,-1.1065857428299577,,20260930
weibull,2000,4,Smooth plug-in,Exact reserve,0.1136787424882798,0.0,0.7892113533273899,0.0265109036397887,0.7631428283688878,0.7631428283688878,0.026068524958502,0.026068524958502,True,True,0.103922742267972,0.0001038334440846,False,False,,,,20260930
weibull,2000,5,Monotone fixed,Fixed bandwidth,0.15,0.0361445825096095,0.8128013811372571,0.0173888079001224,0.805297683375762,0.7631428283688878,0.007503697761495,0.0496585527683692,True,False,0.0681641269684798,0.000402905584949,False,False,2.2939332211535657e-11,-1.0446019416051475,,20260930
weibull,2000,5,Monotone fixed,Exact reserve,0.1136787424882798,0.0361445825096095,0.79545710923766,0.033519695922959,0.7631428283688878,0.7631428283688878,0.0323142808687721,0.0323142808687721,True,True,0.1313972080179993,0.0001624496470087,False,False,,,,20260930
weibull,2000,5,Monotone adaptive,Fixed bandwidth,0.15,0.3333333333333333,0.8119837356998562,0.0177865519554792,0.805297683375762,0.7631428283688878,0.0066860523240941,0.0488409073309683,True,False,0.0697232836654788,0.0003888605471999,False,False,-6.750155989720952e-17,-1.039374350733251,,20260930
weibull,2000,5,Monotone adaptive,Exact reserve,0.1136787424882798,0.3333333333333333,0.7946926125818412,0.0343457144658198,0.7631428283688878,0.7631428283688878,0.0315497842129534,0.0315497842129534,True,True,0.1346352007060137,0.0001545145328769,False,False,,,,20260930
weibull,2000,5,Empirical DML,Fixed bandwidth,0.15,0.0,0.8128725921725996,0.0173362064502104,0.805297683375762,0.7631428283688878,0.0075749087968375,0.0497297638037117,True,False,0.0679579292848247,0.0004041420588096,False,False,2.2500184826412804e-11,-1.0458010861551337,,20260930
weibull,2000,5,Empirical DML,Exact reserve,0.1136787424882798,0.0,0.7956843692478948,0.0333826991446561,0.7631428283688878,0.7631428283688878,0.0325415408790069,0.0325415408790069,True,True,0.130860180647052,0.000164850047073,False,False,,,,20260930
weibull,2000,5,Smooth plug-in,Fixed bandwidth,0.15,0.0,0.8156520258670493,0.0174259257850078,0.805297683375762,0.7631428283688878,0.0103543424912873,0.0525091974981615,True,False,0.0683096290772309,0.0004540690437782,False,False,5.551115123125783e-17,-1.031595978845945,,20260930
weibull,2000,5,Smooth plug-in,Exact reserve,0.1136787424882798,0.0,0.79717073716882,0.0341765724435265,0.7631428283688878,0.7631428283688878,0.0340279087999322,0.0340279087999322,True,True,0.1339721639786241,0.0001810224654514,False,False,,,,20260930
weibull,2000,6,Monotone fixed,Fixed bandwidth,0.15,0.0361445825096095,0.7929172279423996,0.0188805652892108,0.805297683375762,0.7631428283688878,-0.0123804554333624,0.0297743995735118,True,True,0.0740118159337064,0.0001369127550543,False,False,-1.2949641359227826e-15,-0.9265238646813724,,20260930
weibull,2000,6,Monotone fixed,Exact reserve,0.1136787424882798,0.0361445825096095,0.7505432753945791,0.0313923875743418,0.7631428283688878,0.7631428283688878,-0.0125995529743087,-0.0125995529743087,True,True,0.1230581592914201,2.1600798727705595e-05,False,False,,,,20260930
weibull,2000,6,Monotone adaptive,Fixed bandwidth,0.15,0.5,0.7948961479774099,0.0192365901231526,0.805297683375762,0.7631428283688878,-0.010401535398352,0.0317533196085221,True,True,0.0754074332827583,0.0001566061234543,False,False,9.89778925486462e-13,-0.9343749615320496,,20260930
weibull,2000,6,Monotone adaptive,Exact reserve,0.1136787424882798,0.5,0.7555156522070869,0.0326346413717802,0.7631428283688878,0.7631428283688878,-0.0076271761618008,-0.0076271761618008,True,True,0.1279277941773784,8.037930627979861e-06,False,False,,,,20260930
weibull,2000,6,Empirical DML,Fixed bandwidth,0.15,0.0,0.7930297708823489,0.0188231621555458,0.805297683375762,0.7631428283688878,-0.012267912493413,0.0298869425134611,True,True,0.0737867956497396,0.000137994463313,False,False,-1.247890679678676e-15,-0.9267693127906762,,20260930
weibull,2000,6,Empirical DML,Exact reserve,0.1136787424882798,0.0,0.7507531470507681,0.031193559392415,0.7631428283688878,0.7631428283688878,-0.0123896813181196,-0.0123896813181196,True,True,0.1222787528182671,2.0900751241503812e-05,False,False,,,,20260930
weibull,2000,6,Smooth plug-in,Fixed bandwidth,0.15,0.0,0.7924936118489684,0.0187313043166849,0.805297683375762,0.7631428283688878,-0.0128040715267936,0.0293507834800805,True,True,0.0734267129214048,0.0001328821548627,False,False,-1.2212453270876722e-15,-0.92178957295741,,20260930
weibull,2000,6,Smooth plug-in,Exact reserve,0.1136787424882798,0.0,0.7495845043464503,0.0315192246024743,0.7631428283688878,0.7631428283688878,-0.0135583240224375,-0.0135583240224375,True,True,0.1235553604416994,2.493914278889342e-05,False,False,,,,20260930
weibull,2000,7,Monotone fixed,Fixed bandwidth,0.15,0.0361445825096095,0.8290595866934454,0.0210362270313201,0.805297683375762,0.7631428283688878,0.0237619033176833,0.0659167583245575,True,False,0.0824620099627748,0.0007422799655421,False,False,4.887534821307327e-12,-0.8150162244045189,,20260930
weibull,2000,7,Monotone fixed,Exact reserve,0.1136787424882798,0.0361445825096095,0.805029938096862,0.0425863746926813,0.7631428283688878,0.7631428283688878,0.0418871097279741,0.0418871097279741,True,True,0.166938588795311,0.0002804913245488,False,False,,,,20260930
weibull,2000,7,Monotone adaptive,Fixed bandwidth,0.15,0.0,0.828914592959857,0.0208753392651463,0.805297683375762,0.7631428283688878,0.023616909584095,0.0657717645909692,True,False,0.0818313299193736,0.0007387284883253,False,False,6.206450464674162e-12,-0.8161301889276329,,20260930
weibull,2000,7,Monotone adaptive,Exact reserve,0.1136787424882798,0.0,0.8048669905889128,0.0420477605614191,0.7631428283688878,0.7631428283688878,0.0417241622200249,0.0417241622200249,True,True,0.1648272214007629,0.0002781853275497,False,False,,,,20260930
weibull,2000,7,Empirical DML,Fixed bandwidth,0.15,0.0,0.828914592959857,0.0208753392651463,0.805297683375762,0.7631428283688878,0.023616909584095,0.0657717645909692,True,False,0.0818313299193736,0.0007387284883253,False,False,6.206450464674162e-12,-0.8161301889276329,,20260930
weibull,2000,7,Empirical DML,Exact reserve,0.1136787424882798,0.0,0.8048669905889128,0.0420477605614191,0.7631428283688878,0.7631428283688878,0.0417241622200249,0.0417241622200249,True,True,0.1648272214007629,0.0002781853275497,False,False,,,,20260930
weibull,2000,7,Smooth plug-in,Fixed bandwidth,0.15,0.0,0.8277815217889656,0.0202721500043001,0.805297683375762,0.7631428283688878,0.0224838384132035,0.0646386934200777,True,False,0.0794668280168566,0.0007113114859207,False,False,-2.0227486352553115e-11,-0.832091443904448,,20260930
weibull,2000,7,Smooth plug-in,Exact reserve,0.1136787424882798,0.0,0.8018864608136307,0.0392181142784757,0.7631428283688878,0.7631428283688878,0.0387436324447428,0.0387436324447428,True,True,0.153735007971625,0.0002378466080448,False,False,,,,20260930
weibull,2000,8,Monotone fixed,Fixed bandwidth,0.15,0.0361445825096095,0.8208211829887572,0.0186730408680421,0.805297683375762,0.7631428283688878,0.0155234996129951,0.0576783546198693,True,False,0.0731983202027254,0.0005557282237826,False,False,-2.686739719592879e-17,-0.9147498659690166,,20260930
weibull,2000,8,Monotone fixed,Exact reserve,0.1136787424882798,0.0361445825096095,0.8078389571336237,0.0367602624639916,0.7631428283688878,0.7631428283688878,0.0446961287647359,0.0446961287647359,True,True,0.144100228858847,0.0003219079442773,False,False,,,,20260930
weibull,2000,8,Monotone adaptive,Fixed bandwidth,0.15,0.6666666666666666,0.8287760118566901,0.019631695190649,0.805297683375762,0.7631428283688878,0.0234783284809281,0.0656331834878023,True,False,0.0769562451473443,0.0007353433838312,False,False,1.3941354071178579e-11,-0.9588564381617968,,20260930
weibull,2000,8,Monotone adaptive,Exact reserve,0.1136787424882798,0.6666666666666666,0.8287730980434252,0.0368653934802435,0.7631428283688878,0.7631428283688878,0.0656302696745374,0.0656302696745374,True,True,0.1445123424425545,0.0007352723051656,False,False,,,,20260930
weibull,2000,8,Empirical DML,Fixed bandwidth,0.15,0.0,0.8208514379123226,0.0186101412637258,0.805297683375762,0.7631428283688878,0.0155537545365606,0.0577086095434348,True,False,0.0729517537538053,0.0005563576048428,False,False,1.509903313490213e-17,-0.914374175983712,,20260930
weibull,2000,8,Empirical DML,Exact reserve,0.1136787424882798,0.0,0.8078044582513939,0.0365895339657072,0.7631428283688878,0.7631428283688878,0.0446616298825061,0.0446616298825061,True,True,0.1434309731455725,0.0003213800974666,False,False,,,,20260930
weibull,2000,8,Smooth plug-in,Fixed bandwidth,0.15,0.0,0.8206548937686953,0.0184945734047544,0.805297683375762,0.7631428283688878,0.0153572103929332,0.0575120653998074,True,False,0.0724987277466373,0.0005522765262597,False,False,0.0,-0.916039736627572,,20260930
weibull,2000,8,Smooth plug-in,Exact reserve,0.1136787424882798,0.0,0.8084181110403613,0.0360049018635486,0.7631428283688878,0.7631428283688878,0.0452752826714735,0.0452752826714735,True,True,0.1411392153051107,0.0003308414921221,False,False,,,,20260930
weibull,2000,9,Monotone fixed,Fixed bandwidth,0.15,0.0361445825096095,0.8096789900979675,0.0165997392423239,0.805297683375762,0.7631428283688878,0.0043813067222054,0.0465361617290797,True,False,0.06507097782991,0.0003507620867249,False,False,6.9259824542200474e-12,-1.0906968128513703,,20260930
weibull,2000,9,Monotone fixed,Exact reserve,0.1136787424882798,0.0361445825096095,0.8009947218285551,0.0240531212700957,0.7631428283688878,0.7631428283688878,0.0378518934596673,0.0378518934596673,True,True,0.0942882353787753,0.0002264497871544,False,False,,,,20260930
weibull,2000,9,Monotone adaptive,Fixed bandwidth,0.15,0.5833333333333334,0.8150119017279253,0.0173237526967427,0.805297683375762,0.7631428283688878,0.0097142183521632,0.0518690733590374,True,False,0.0679091105712317,0.0004422808187698,False,False,-6.626690307598439e-13,-1.140973047427032,,20260930
weibull,2000,9,Monotone adaptive,Exact reserve,0.1136787424882798,0.6666666666666666,0.8125459845081497,0.0251350988411463,0.7631428283688878,0.7631428283688878,0.0494031561392619,0.0494031561392619,False,False,0.0985295874572936,0.0003984886081995,False,False,,,,20260930
weibull,2000,9,Empirical DML,Fixed bandwidth,0.15,0.0,0.8096474411420591,0.0165370380105076,0.805297683375762,0.7631428283688878,0.004349757766297,0.0465046127731713,True,False,0.06482518900119,0.000350255688019,False,False,8.24751644756816e-12,-1.090369180982964,,20260930
weibull,2000,9,Empirical DML,Exact reserve,0.1136787424882798,0.0,0.8009093822284131,0.0239121823493789,0.7631428283688878,0.7631428283688878,0.0377665538595253,0.0377665538595253,True,True,0.0937357548095654,0.000225375161782,False,False,,,,20260930
weibull,2000,9,Smooth plug-in,Fixed bandwidth,0.15,0.0,0.8089394178251069,0.0163581297312978,0.805297683375762,0.7631428283688878,0.0036417344493449,0.0457965894562191,True,False,0.0641238685466873,0.0003389990715503,False,False,-4.417022303471187e-13,-1.0956747084836516,,20260930
weibull,2000,9,Smooth plug-in,Exact reserve,0.1136787424882798,0.0,0.8006992285730116,0.0237591362053308,0.7631428283688878,0.7631428283688878,0.0375564002041237,0.0375564002041237,True,True,0.0931358139248969,0.0002227408737449,False,False,,,,20260930
weibull,2000,10,Monotone fixed,Fixed bandwidth,0.15,0.0361445825096095,0.8109890373919264,0.0159924436767097,0.805297683375762,0.7631428283688878,0.0056913540161643,0.0478462090230386,True,False,0.062690379212702,0.0003721487817771,False,False,8.348877145181176e-17,-1.1830074323081785,,20260930
weibull,2000,10,Monotone fixed,Exact reserve,0.1136787424882798,0.0361445825096095,0.8109854979021806,0.0231251213590179,0.7631428283688878,0.7631428283688878,0.0478426695332927,0.0478426695332927,False,False,0.0906504757273501,0.0003720900368904,False,False,,,,20260930
weibull,2000,10,Monotone adaptive,Fixed bandwidth,0.15,0.3333333333333333,0.8087726285634557,0.0158091887332083,0.805297683375762,0.7631428283688878,0.0034749451876936,0.0456298001945678,True,False,0.0619720198341767,0.0003363770664774,False,False,-1.758593271006248e-16,-1.1664019147460447,,20260930
weibull,2000,10,Monotone adaptive,Exact reserve,0.1136787424882798,0.3333333333333333,0.8056586269318513,0.0230329412489561,0.7631428283688878,0.7631428283688878,0.0425157985629635,0.0425157985629635,True,True,0.090289129695908,0.0002894871167169,False,False,,,,20260930
weibull,2000,10,Empirical DML,Fixed bandwidth,0.15,0.0,0.8111062610472514,0.0159797807934603,0.805297683375762,0.7631428283688878,0.0058085776714893,0.0479634326783635,True,False,0.0626407407103646,0.0003740969294845,False,False,6.217248937900877e-17,-1.1846350280611784,,20260930
weibull,2000,10,Empirical DML,Exact reserve,0.1136787424882798,0.0,0.8111488213959148,0.0230370791004534,0.7631428283688878,0.7631428283688878,0.048005993027027,0.048005993027027,False,False,0.0903053500737776,0.000374805638563,False,False,,,,20260930
weibull,2000,10,Smooth plug-in,Fixed bandwidth,0.15,0.0,0.8118498226718958,0.0156166735278107,0.805297683375762,0.7631428283688878,0.0065521392961337,0.0487069943030079,True,False,0.0612173602290181,0.0003865867949783,False,False,2.220446049250313e-16,-1.17436147236194,,20260930
weibull,2000,10,Smooth plug-in,Exact reserve,0.1136787424882798,0.0,0.8147442970422205,0.0227451755687507,0.7631428283688878,0.7631428283688878,0.0516014686733327,0.0516014686733327,False,False,0.089161088229503,0.0004374042887405,False,False,,,,20260930
weibull,2000,1,Initialization fixed,Fixed bandwidth,0.15,0.0361445825096095,0.8131970929480634,0.020720396154046,0.805297683375762,0.7631428283688878,0.0078994095723013,0.0500542645791756,True,False,0.0812239529238604,0.0004098032411492,False,False,-1.247108372126604e-11,-0.7918622290069388,,20260930
weibull,2000,1,Initialization fixed,Exact reserve,0.1136787424882798,0.0361445825096095,0.7803836520857861,0.0567052368615655,0.7631428283688878,0.7631428283688878,0.0172408237168982,0.0172408237168982,True,True,0.222284528497337,4.426037052285281e-05,False,False,,,,20260930
weibull,2000,1,Initialization adaptive,Fixed bandwidth,0.15,0.1666666666666666,0.813284155112652,0.0216159412113688,0.805297683375762,0.7631428283688878,0.0079864717368899,0.0501413267437641,True,False,0.0847344895485658,0.0004113296001295,False,False,-1.584458608760997e-11,-0.7873398634792439,,20260930
weibull,2000,1,Initialization adaptive,Exact reserve,0.1136787424882798,0.1666666666666666,0.7782523025719223,0.0603244717823006,0.7631428283688878,0.7631428283688878,0.0151094742030345,0.0151094742030345,True,True,0.2364719293866186,3.3780536170313624e-05,False,False,,,,20260930
weibull,2000,1,Initialization matched,Fixed bandwidth,0.15,0.3333333333333333,0.8141779456901022,0.0221898299200256,0.805297683375762,0.7631428283688878,0.0088802623143401,0.0510351173212143,True,False,0.0869841332865003,0.0004271838234313,False,False,-3.3644553809608624e-12,-0.7893390987976899,,20260930
weibull,2000,1,Initialization matched,Exact reserve,0.1136787424882798,0.4166666666666667,0.7961814190781167,0.066077093448314,0.7631428283688878,0.7631428283688878,0.0330385907092288,0.0330385907092288,True,True,0.2590222063173912,0.0001701667665341,False,False,,,,20260930
weibull,2000,2,Initialization fixed,Fixed bandwidth,0.15,0.0361445825096095,0.7978935042824894,0.0167915238147704,0.805297683375762,0.7631428283688878,-0.0074041790932726,0.0347506759136015,True,False,0.0658227733539,0.000189184625382,False,False,-1.638689184346731e-16,-1.0632263086637894,,20260930
weibull,2000,2,Initialization fixed,Exact reserve,0.1136787424882798,0.0361445825096095,0.7890428078169895,0.0295886521251362,0.7631428283688878,0.7631428283688878,0.0258999794481017,0.0258999794481017,True,True,0.1159875163305342,0.0001024450471964,False,False,,,,20260930
weibull,2000,2,Initialization adaptive,Fixed bandwidth,0.15,0.0833333333333333,0.7971509777482431,0.017049286560584,0.805297683375762,0.7631428283688878,-0.0081467056275189,0.0340081493793552,True,False,0.0668332033174895,0.0001808020301912,False,False,5.3290705182007515e-18,-1.0550177727894106,,20260930
weibull,2000,2,Initialization adaptive,Exact reserve,0.1136787424882798,0.0833333333333333,0.7860175942815336,0.0304440121072857,0.7631428283688878,0.7631428283688878,0.0228747659126458,0.0228747659126458,True,True,0.1193405274605602,7.921057548121446e-05,False,False,,,,20260930
weibull,2000,2,Initialization matched,Fixed bandwidth,0.15,0.4166666666666667,0.8054936491937927,0.0187111597111678,0.805297683375762,0.7631428283688878,0.0001959658180307,0.0423508208249049,True,False,0.0733477460677779,0.0002871112851321,False,False,-3.6415315207705136e-17,-1.1309319508680329,,20260930
weibull,2000,2,Initialization matched,Exact reserve,0.1136787424882798,0.3333333333333333,0.8100083542934062,0.0293354394289721,0.7631428283688878,0.7631428283688878,0.0468655259245184,0.0468655259245184,True,True,0.1149949225615707,0.0003560726382505,False,False,,,,20260930
weibull,2000,3,Initialization fixed,Fixed bandwidth,0.15,0.0361445825096095,0.7758414463931799,0.0161807414242118,0.805297683375762,0.7631428283688878,-0.0294562369825821,0.012698618024292,True,True,0.0634285063829104,2.369083081332768e-05,False,False,8.881784197001254e-19,-1.1294583302562122,,20260930
weibull,2000,3,Initialization fixed,Exact reserve,0.1136787424882798,0.0361445825096095,0.7501002791476935,0.0299345789926157,0.7631428283688878,0.7631428283688878,-0.0130425492211943,-0.0130425492211943,True,True,0.1173435496510538,2.3114728082918035e-05,False,False,,,,20260930
weibull,2000,3,Initialization adaptive,Fixed bandwidth,0.15,0.0833333333333333,0.7750665994987244,0.0162790402455486,0.805297683375762,0.7631428283688878,-0.0302310838770376,0.0119237711298365,True,True,0.0638138377625508,2.083988163059658e-05,False,False,-1.69721250387056e-11,-1.1348664287812311,,20260930
weibull,2000,3,Initialization adaptive,Exact reserve,0.1136787424882798,0.0833333333333333,0.7494568041588566,0.0299801348341966,0.7631428283688878,0.7631428283688878,-0.0136860242100311,-0.0136860242100311,True,True,0.1175221285500509,2.5401087336840433e-05,False,False,,,,20260930
weibull,2000,3,Initialization matched,Fixed bandwidth,0.15,0.3333333333333333,0.777399132809484,0.0178228868263607,0.805297683375762,0.7631428283688878,-0.0278985505662779,0.0142563044405962,True,True,0.0698657163593341,2.9997529580327864e-05,False,False,6.608047442568933e-16,-1.1614776256313464,,20260930
weibull,2000,3,Initialization matched,Exact reserve,0.1136787424882798,0.3333333333333333,0.7582725213395878,0.0328656594483303,0.7631428283688878,0.7631428283688878,-0.0048703070293,-0.0048703070293,True,True,0.1288333850374548,3.3052052810234045e-06,False,False,,,,20260930
weibull,2000,4,Initialization fixed,Fixed bandwidth,0.15,0.0361445825096095,0.8076502893392751,0.0174130938347315,0.805297683375762,0.7631428283688878,0.002352605963513,0.0445074609703872,True,False,0.0682593278321477,0.0003190270389901,False,False,-2.6378899065093723e-16,-1.0993623177564291,,20260930
weibull,2000,4,Initialization fixed,Exact reserve,0.1136787424882798,0.0361445825096095,0.7923746552252535,0.0278843641107173,0.7631428283688878,0.7631428283688878,0.0292318268563657,0.0292318268563657,True,True,0.1093067073140122,0.0001317620116381,False,False,,,,20260930
weibull,2000,4,Initialization adaptive,Fixed bandwidth,0.15,0.4166666666666667,0.809911333591959,0.018840369298878,0.805297683375762,0.7631428283688878,0.0046136502161969,0.0467685052230711,True,False,0.0738542476516019,0.0003545037187882,False,False,6.253584317050809e-13,-1.1244458149055392,,20260930
weibull,2000,4,Initialization adaptive,Exact reserve,0.1136787424882798,0.25,0.7933300052731146,0.02942941966335,0.7631428283688878,0.7631428283688878,0.0301871769042267,0.0301871769042267,True,True,0.1153633250803322,0.000140902697056,False,False,,,,20260930
weibull,2000,4,Initialization matched,Fixed bandwidth,0.15,0.5,0.8090919645480025,0.0196357735178116,0.805297683375762,0.7631428283688878,0.0037942811722404,0.0459491361791146,True,False,0.0769722321898217,0.000341407052695,False,False,-4.74159467245272e-12,-1.1369839610784416,,20260930
weibull,2000,4,Initialization matched,Exact reserve,0.1136787424882798,0.5,0.7983033169440588,0.0319737955028952,0.7631428283688878,0.7631428283688878,0.0351604885751709,0.0351604885751709,True,True,0.1253372783713493,0.000193899831044,False,False,,,,20260930
weibull,2000,5,Initialization fixed,Fixed bandwidth,0.15,0.0361445825096095,0.8128710191532765,0.0174920411843757,0.805297683375762,0.7631428283688878,0.0075733357775145,0.0497281907843887,True,False,0.0685688014427528,0.0004041147258155,False,False,2.2646091224487463e-11,-1.0452004819191352,,20260930
weibull,2000,5,Initialization fixed,Exact reserve,0.1136787424882798,0.0361445825096095,0.7956060089810688,0.033786841823093,0.7631428283688878,0.7631428283688878,0.032463180612181,0.032463180612181,True,True,0.1324444199465249,0.0001640201977857,False,False,,,,20260930
weibull,2000,5,Initialization adaptive,Fixed bandwidth,0.15,0.0,0.8128725921725996,0.0173362064502104,0.805297683375762,0.7631428283688878,0.0075749087968375,0.0497297638037117,True,False,0.0679579292848247,0.0004041420588096,False,False,2.2500184826412804e-11,-1.0458010861551337,,20260930
weibull,2000,5,Initialization adaptive,Exact reserve,0.1136787424882798,0.0,0.7956843692478948,0.0333826991446561,0.7631428283688878,0.7631428283688878,0.0325415408790069,0.0325415408790069,True,True,0.130860180647052,0.000164850047073,False,False,,,,20260930
weibull,2000,5,Initialization matched,Fixed bandwidth,0.15,0.3333333333333333,0.81568285612908,0.0190151670103915,0.805297683375762,0.7631428283688878,0.0103851727533179,0.0525400277601921,True,False,0.074539454680735,0.0004546411481605,False,False,-4.973799150320702e-17,-1.0597692003198844,,20260930
weibull,2000,5,Initialization matched,Exact reserve,0.1136787424882798,0.3333333333333333,0.7980327520878512,0.037608959963935,0.7631428283688878,0.7631428283688878,0.0348899237189633,0.0348899237189633,True,True,0.1474271230586253,0.0001907796332998,False,False,,,,20260930
weibull,2000,6,Initialization fixed,Fixed bandwidth,0.15,0.0361445825096095,0.7930686883330617,0.0190050038830932,0.805297683375762,0.7631428283688878,-0.0122289950427003,0.0299258599641738,True,True,0.0744996152217254,0.0001383695872483,False,False,-1.3207213100940865e-15,-0.926623438365568,,20260930
weibull,2000,6,Initialization fixed,Exact reserve,0.1136787424882798,0.0361445825096095,0.7507952408215095,0.0316668015844309,0.7631428283688878,0.7631428283688878,-0.0123475875473783,-0.0123475875473783,True,True,0.1241338622109694,2.0761674621061488e-05,False,False,,,,20260930
weibull,2000,6,Initialization adaptive,Fixed bandwidth,0.15,0.0,0.7930297708823489,0.0188231621555458,0.805297683375762,0.7631428283688878,-0.012267912493413,0.0298869425134611,True,True,0.0737867956497396,0.000137994463313,False,False,-1.247890679678676e-15,-0.9267693127906762,,20260930
weibull,2000,6,Initialization adaptive,Exact reserve,0.1136787424882798,0.0,0.7507531470507681,0.031193559392415,0.7631428283688878,0.7631428283688878,-0.0123896813181196,-0.0123896813181196,True,True,0.1222787528182671,2.0900751241503812e-05,False,False,,,,20260930
weibull,2000,6,Initialization matched,Fixed bandwidth,0.15,0.5,0.8126128180356644,0.0225575324058277,0.805297683375762,0.7631428283688878,0.0073151346599024,0.0494699896667766,True,False,0.0884255270308446,0.0003996418102978,False,False,-2.216893335571513e-15,-0.9704493985772888,,20260930
weibull,2000,6,Initialization matched,Exact reserve,0.1136787424882798,0.5,0.8023610861135165,0.0401784832765902,0.7631428283688878,0.7631428283688878,0.0392182577446287,0.0392182577446287,True,True,0.1574996544442337,0.0002440379839734,False,False,,,,20260930
weibull,2000,7,Initialization fixed,Fixed bandwidth,0.15,0.0361445825096095,0.829026946818199,0.0210857847217756,0.805297683375762,0.7631428283688878,0.0237292634424369,0.0658841184493111,True,False,0.0826562761093606,0.0007414796231914,False,False,5.272566383496269e-12,-0.8159913122326312,,20260930
weibull,2000,7,Initialization fixed,Exact reserve,0.1136787424882798,0.0361445825096095,0.8051025015871378,0.0426672714415142,0.7631428283688878,0.7631428283688878,0.04195967321825,0.04195967321825,True,True,0.1672557040507357,0.0002815216406564,False,False,,,,20260930
weibull,2000,7,Initialization adaptive,Fixed bandwidth,0.15,0.0,0.828914592959857,0.0208753392651463,0.805297683375762,0.7631428283688878,0.023616909584095,0.0657717645909692,True,False,0.0818313299193736,0.0007387284883253,False,False,6.206450464674162e-12,-0.8161301889276329,,20260930
weibull,2000,7,Initialization adaptive,Exact reserve,0.1136787424882798,0.0,0.8048669905889128,0.0420477605614191,0.7631428283688878,0.7631428283688878,0.0417241622200249,0.0417241622200249,True,True,0.1648272214007629,0.0002781853275497,False,False,,,,20260930
weibull,2000,7,Initialization matched,Fixed bandwidth,0.15,0.0,0.828914592959857,0.0208753392651463,0.805297683375762,0.7631428283688878,0.023616909584095,0.0657717645909692,True,False,0.0818313299193736,0.0007387284883253,False,False,6.206450464674162e-12,-0.8161301889276329,,20260930
weibull,2000,7,Initialization matched,Exact reserve,0.1136787424882798,0.0,0.8048669905889128,0.0420477605614191,0.7631428283688878,0.7631428283688878,0.0417241622200249,0.0417241622200249,True,True,0.1648272214007629,0.0002781853275497,False,False,,,,20260930
weibull,2000,8,Initialization fixed,Fixed bandwidth,0.15,0.0361445825096095,0.8208951667926406,0.0187873900954993,0.805297683375762,0.7631428283688878,0.0155974834168786,0.0577523384237528,True,False,0.0736465691743573,0.0005572678912304,False,False,9.392486788328824e-17,-0.914395427040232,,20260930
weibull,2000,8,Initialization fixed,Exact reserve,0.1136787424882798,0.0361445825096095,0.8078940538472831,0.0370754565490574,0.7631428283688878,0.7631428283688878,0.0447512254783952,0.0447512254783952,True,True,0.1453357896723052,0.0003227519997106,False,False,,,,20260930
weibull,2000,8,Initialization adaptive,Fixed bandwidth,0.15,0.3333333333333333,0.8297089864005266,0.0208878597651669,0.805297683375762,0.7631428283688878,0.0244113030247645,0.0665661580316387,True,False,0.0818804102794544,0.0007583060649665,False,False,6.421938536504968e-13,-0.9267230054802944,,20260930
weibull,2000,8,Initialization adaptive,Exact reserve,0.1136787424882798,0.3333333333333333,0.8259831005825511,0.041400773989476,0.7631428283688878,0.7631428283688878,0.0628402722136632,0.0628402722136632,True,True,0.1622910340387462,0.0006690095605048,False,False,,,,20260930
weibull,2000,8,Initialization matched,Fixed bandwidth,0.15,0.6666666666666666,0.8587198971435372,0.0216129630771837,0.805297683375762,0.7631428283688878,0.0534222137677752,0.0955770687746494,False,False,0.0847228152625601,0.0016871086487604,False,False,-9.643489562449758e-12,-1.080646196762327,,20260930
weibull,2000,8,Initialization matched,Exact reserve,0.1136787424882798,0.6666666666666666,0.887248977537845,0.0319202799334888,0.7631428283688878,0.7631428283688878,0.1241061491689572,0.1241061491689572,False,False,0.1251274973392763,0.0030537621880495,False,False,,,,20260930
weibull,2000,9,Initialization fixed,Fixed bandwidth,0.15,0.0361445825096095,0.8096848878049938,0.0166969713414973,0.805297683375762,0.7631428283688878,0.0043872044292317,0.046542059436106,True,False,0.0654521276586695,0.0003508567635146,False,False,6.6963021794208536e-12,-1.090697954184312,,20260930
weibull,2000,9,Initialization fixed,Exact reserve,0.1136787424882798,0.0361445825096095,0.8009919528982827,0.0242415627370877,0.7631428283688878,0.7631428283688878,0.0378491245293949,0.0378491245293949,True,True,0.0950269259293841,0.0002264148575996,False,False,,,,20260930
weibull,2000,9,Initialization adaptive,Fixed bandwidth,0.15,0.3333333333333333,0.8149065153623615,0.0181539534458959,0.805297683375762,0.7631428283688878,0.0096088319865994,0.0517636869934736,True,False,0.0711634975079121,0.0004403567209407,False,False,7.203988516835126e-13,-1.1110364447368504,,20260930
weibull,2000,9,Initialization adaptive,Exact reserve,0.1136787424882798,0.3333333333333333,0.8114340900603877,0.0264823941321064,0.7631428283688878,0.7631428283688878,0.0482912616914998,0.0482912616914998,True,True,0.1038109849978571,0.0003795753287938,False,False,,,,20260930
weibull,2000,9,Initialization matched,Fixed bandwidth,0.15,0.5833333333333334,0.8274288881456112,0.0191025740861774,0.805297683375762,0.7631428283688878,0.0221312047698492,0.0642860597767234,True,False,0.0748820904178156,0.0007028999182325,False,False,1.7674750552032492e-15,-1.1953314782686597,,20260930
weibull,2000,9,Initialization matched,Exact reserve,0.1136787424882798,0.6666666666666666,0.8364259687556049,0.0271785254339315,0.7631428283688878,0.7631428283688878,0.0732831403867171,0.0732831403867171,False,False,0.1065398197010117,0.0009357696406855,False,False,,,,20260930
weibull,2000,10,Initialization fixed,Fixed bandwidth,0.15,0.0361445825096095,0.8111070631167887,0.0161376433292074,0.805297683375762,0.7631428283688878,0.0058093797410266,0.0479642347479009,True,False,0.0632595618504933,0.0003741102724665,False,False,1.9539925233402754e-17,-1.1835502858234648,,20260930
weibull,2000,10,Initialization fixed,Exact reserve,0.1136787424882798,0.0361445825096095,0.8110981016013055,0.0233694424027448,0.7631428283688878,0.7631428283688878,0.0479552732324176,0.0479552732324176,False,False,0.0916082142187596,0.0003739611914517,False,False,,,,20260930
weibull,2000,10,Initialization adaptive,Fixed bandwidth,0.15,0.0,0.8111062610472514,0.0159797807934603,0.805297683375762,0.7631428283688878,0.0058085776714893,0.0479634326783635,True,False,0.0626407407103646,0.0003740969294845,False,False,6.217248937900877e-17,-1.1846350280611784,,20260930
weibull,2000,10,Initialization adaptive,Exact reserve,0.1136787424882798,0.0,0.8111488213959148,0.0230370791004534,0.7631428283688878,0.7631428283688878,0.048005993027027,0.048005993027027,False,False,0.0903053500737776,0.000374805638563,False,False,,,,20260930
weibull,2000,10,Initialization matched,Fixed bandwidth,0.15,0.3333333333333333,0.8197486631779807,0.017059633504191,0.805297683375762,0.7631428283688878,0.0144509798022186,0.0566058348090928,True,False,0.0668737633364289,0.0005336794925225,False,False,8.419215546950908e-12,-1.2902095391268986,,20260930
weibull,2000,10,Initialization matched,Exact reserve,0.1136787424882798,0.3333333333333333,0.8297349588933395,0.0226152902892769,0.7631428283688878,0.7631428283688878,0.0665921305244516,0.0665921305244516,False,False,0.0886519379339655,0.000758951103162,False,False,,,,20260930
