distribution,auctions,repetition,method,procedure,bandwidth,wgan_weight,estimate,standard_error,target,exact_reserve,error_target,error_exact,covers_target,covers_exact,interval_length,revenue_regret,missing_root,multiple_roots,score_residual,jacobian,optimizer_success,evaluation_base_seed
lognormal,500,1,Original fixed,Fixed bandwidth,0.15,0.1304349796924862,0.8425339847524842,0.0417993763205417,0.8318293782081901,0.7718567076821136,0.010704606544294,0.0706772770703706,True,True,0.1638535551765235,0.0003074645849694,False,False,1.7147900877034772e-12,-1.0180561495381113,,90260930
lognormal,500,1,Original fixed,Exact reserve,0.15,0.1304349796924862,0.8144572737613782,0.0624728379747968,0.7718567076821136,0.7718567076821136,0.0426005660792646,0.0426005660792646,True,True,0.2448935248612037,9.336546492155762e-05,False,False,,,,90260930
lognormal,500,1,Monotone fixed,Fixed bandwidth,0.15,0.1304349796924862,0.8422848584972055,0.040733028866536,0.8318293782081901,0.7718567076821136,0.0104554802890153,0.0704281508150919,True,True,0.1596734731568211,0.0003048300660022,False,False,-4.440892098500626e-18,-1.006156990905276,,90260930
lognormal,500,1,Monotone fixed,Exact reserve,0.15,0.1304349796924862,0.8131675188668888,0.0605847935859997,0.7718567076821136,0.7718567076821136,0.0413108111847752,0.0413108111847752,True,True,0.2374923908571188,8.70547920281961e-05,False,False,,,,90260930
lognormal,500,1,Original adaptive,Fixed bandwidth,0.15,0.4166666666666667,0.8550325087544994,0.0460440430121592,0.8318293782081901,0.7718567076821136,0.0232031305463092,0.0831758010723858,True,True,0.1804926486076642,0.0004596021191023,False,False,-6.110667527536861e-14,-1.0707406182439172,,90260930
lognormal,500,1,Original adaptive,Exact reserve,0.15,0.4166666666666667,0.8380585402089282,0.0697087290290481,0.7718567076821136,0.7718567076821136,0.0662018325268146,0.0662018325268146,True,True,0.2732582177938688,0.0002623475424767,False,False,,,,90260930
lognormal,500,1,Monotone adaptive,Fixed bandwidth,0.15,1.0,0.8458857341642972,0.0419141332476011,0.8318293782081901,0.7718567076821136,0.0140563559561071,0.0740290264821836,True,True,0.1643034023305966,0.0003443673873761,False,False,1.0658141036401505e-17,-1.021216834701919,,90260930
lognormal,500,1,Monotone adaptive,Exact reserve,0.15,1.0,0.8181705175183953,0.0621081744594226,0.7718567076821136,0.7718567076821136,0.0463138098362817,0.0463138098362817,True,True,0.2434640438809368,0.0001130695379993,False,False,,,,90260930
lognormal,500,1,Empirical DML,Fixed bandwidth,0.15,0.0,0.8417970996150158,0.0405728598148759,0.8318293782081901,0.7718567076821136,0.0099677214068256,0.0699403919329022,True,True,0.1590456104743135,0.0002997146060739,False,False,1.2967404927621828e-16,-1.0043624469351498,,90260930
lognormal,500,1,Empirical DML,Exact reserve,0.15,0.0,0.8125504287207596,0.0603757823846956,0.7718567076821136,0.7718567076821136,0.0406937210386459,0.0406937210386459,True,True,0.2366730669480069,8.41300383911392e-05,False,False,,,,90260930
lognormal,500,1,Smooth plug-in,Fixed bandwidth,0.15,0.0,0.8321584807150607,0.0367529455773512,0.8318293782081901,0.7718567076821136,0.0003291025068705,0.0603017730329471,True,True,0.1440715466632167,0.0002097317059235,False,False,0.0,-1.0387814265105932,,90260930
lognormal,500,1,Smooth plug-in,Exact reserve,0.15,0.0,0.7979070001737737,0.0539470972073327,0.7718567076821136,0.7718567076821136,0.0260502924916601,0.0260502924916601,True,True,0.2114726210527442,3.125241849866178e-05,False,False,,,,90260930
lognormal,500,1,Lognormal MLE,Exact reserve,0.0,,0.7538642858220489,0.0135110353632984,0.7718567076821136,0.7718567076821136,-0.0179924218600646,-0.0179924218600646,True,True,0.05296325862413,1.0910796384377974e-05,False,False,7.650117477275842e-07,,True,90260930
lognormal,500,2,Original fixed,Fixed bandwidth,0.15,0.1304349796924862,0.9016273595122406,0.0397869536693854,0.8318293782081901,0.7718567076821136,0.0697979813040504,0.129770651830127,True,False,0.155964858383991,0.0014592960852797,False,False,-2.0261246902464335e-11,-1.2169213351217856,,90260930
lognormal,500,2,Original fixed,Exact reserve,0.15,0.1304349796924862,0.8961855683479752,0.0586990252808358,0.7718567076821136,0.7718567076821136,0.1243288606658616,0.1243288606658616,False,False,0.2301001791008766,0.0013005164127359,False,False,,,,90260930
lognormal,500,2,Monotone fixed,Fixed bandwidth,0.15,0.1304349796924862,0.9013585742901892,0.0378094159785951,0.8318293782081901,0.7718567076821136,0.069529196081999,0.1295018666080756,True,False,0.148212910636093,0.0014511540364052,False,False,-1.9893835911943825e-11,-1.2207833208866956,,90260930
lognormal,500,2,Monotone fixed,Exact reserve,0.15,0.1304349796924862,0.8958842557549408,0.0553351795539207,0.7718567076821136,0.7718567076821136,0.1240275480728272,0.1240275480728272,False,False,0.2169139038513692,0.0012920917257339,False,False,,,,90260930
lognormal,500,2,Original adaptive,Fixed bandwidth,0.15,0.3333333333333333,0.9567435261280872,0.0509468008460223,0.8318293782081901,0.7718567076821136,0.124914147919897,0.1848868184459736,False,False,0.1997114593164074,0.0039078903622709,False,False,1.7763568394002506e-16,-1.6969253446074004,,90260930
lognormal,500,2,Original adaptive,Exact reserve,0.15,0.3333333333333333,0.9858153375322078,0.0715656897371956,0.7718567076821136,0.7718567076821136,0.2139586298500942,0.2139586298500942,False,False,0.2805375037698067,0.0059646896766436,False,False,,,,90260930
lognormal,500,2,Monotone adaptive,Fixed bandwidth,0.15,0.6666666666666666,0.8996340570192569,0.0384371220819244,0.8318293782081901,0.7718567076821136,0.0678046788110667,0.1277773493371433,True,False,0.1506735185611437,0.0013996610795903,False,False,-1.2434497875801755e-17,-1.210356691168606,,90260930
lognormal,500,2,Monotone adaptive,Exact reserve,0.15,0.6666666666666666,0.8928444092059507,0.0564656124634371,0.7718567076821136,0.7718567076821136,0.120987701523837,0.120987701523837,False,False,0.2213452008566734,0.0012092005693873,False,False,,,,90260930
lognormal,500,2,Empirical DML,Fixed bandwidth,0.15,0.0,0.9015394198854382,0.0377740419319657,0.8318293782081901,0.7718567076821136,0.069710041677248,0.1296827122033246,True,False,0.1480742443733056,0.0014566287118606,False,False,-2.2449810899161095e-11,-1.2231532690936222,,90260930
lognormal,500,2,Empirical DML,Exact reserve,0.15,0.0,0.8961723186432227,0.055264077511565,0.7718567076821136,0.7718567076821136,0.1243156109611091,0.1243156109611091,False,False,0.2166351838453349,0.0013001452367853,False,False,,,,90260930
lognormal,500,2,Smooth plug-in,Fixed bandwidth,0.15,0.0,0.9005768291058884,0.0370939721987448,0.8318293782081901,0.7718567076821136,0.0687474508976982,0.1287201214237748,True,False,0.1454083710190798,0.001427651301938,False,False,-7.883027564048461e-12,-1.2056096054535723,,90260930
lognormal,500,2,Smooth plug-in,Exact reserve,0.15,0.0,0.8945800505155554,0.0541719151604993,0.7718567076821136,0.7718567076821136,0.1227233428334418,0.1227233428334418,False,False,0.2123539074291573,0.0012560628827165,False,False,,,,90260930
lognormal,500,2,Lognormal MLE,Exact reserve,0.0,,0.7972978195851157,0.0135642176905388,0.7718567076821136,0.7718567076821136,0.0254411119030021,0.0254411119030021,True,True,0.0531717333469122,2.968453040463892e-05,False,False,1.0673702810493069e-08,,True,90260930
lognormal,500,3,Original fixed,Fixed bandwidth,0.15,0.1304349796924862,0.8845175724168839,0.0441769907176389,0.8318293782081901,0.7718567076821136,0.0526881942086937,0.1126608647347703,True,False,0.1731738036131445,0.0010010364598476,False,False,-7.815970093361102e-17,-1.04197049071296,,90260930
lognormal,500,3,Original fixed,Exact reserve,0.15,0.1304349796924862,0.8858563662737967,0.068414863192316,0.7718567076821136,0.7718567076821136,0.1139996585916831,0.1139996585916831,True,True,0.2681862637138789,0.0010326946153083,False,False,,,,90260930
lognormal,500,3,Monotone fixed,Fixed bandwidth,0.15,0.1304349796924862,0.879180849791161,0.0436486523441407,0.8318293782081901,0.7718567076821136,0.0473514715829708,0.1073241421090474,True,False,0.1711027171890316,0.0008814423386305,False,False,1.2434497875801755e-17,-1.013891280576722,,90260930
lognormal,500,3,Monotone fixed,Exact reserve,0.15,0.1304349796924862,0.8765383730352518,0.0677823520699471,0.7718567076821136,0.7718567076821136,0.1046816653531382,0.1046816653531382,True,True,0.2657068201141926,0.0008260174650984,False,False,,,,90260930
lognormal,500,3,Original adaptive,Fixed bandwidth,0.15,0.0833333333333333,0.8845236462944018,0.0452329849540997,0.8318293782081901,0.7718567076821136,0.0526942680862116,0.1126669386122882,True,False,0.1773133010200711,0.0010011785056007,False,False,-4.5297099404706384e-17,-1.042594161840387,,90260930
lognormal,500,3,Original adaptive,Exact reserve,0.15,0.0833333333333333,0.8858392762174083,0.0700277937106889,0.7718567076821136,0.7718567076821136,0.1139825685352947,0.1139825685352947,True,True,0.2745089513459007,0.0010322863982814,False,False,,,,90260930
lognormal,500,3,Monotone adaptive,Fixed bandwidth,0.15,0.6666666666666666,0.8648768147068945,0.0468307849069327,0.8318293782081901,0.7718567076821136,0.0330474364987043,0.0930201070247809,True,False,0.1835766768351764,0.0006095312090235,False,False,1.3268726561932452e-11,-0.9499294546251844,,90260930
lognormal,500,3,Monotone adaptive,Exact reserve,0.15,0.6666666666666666,0.8496081001749155,0.0745612845871209,0.7718567076821136,0.7718567076821136,0.0777513924928019,0.0777513924928019,True,True,0.2922802355815142,0.0003886252440499,False,False,,,,90260930
lognormal,500,3,Empirical DML,Fixed bandwidth,0.15,0.0,0.8834912792010943,0.0452033570797708,0.8318293782081901,0.7718567076821136,0.0516619009929041,0.1116345715189807,True,False,0.1771971597527016,0.0009772236458078,False,False,-2.1671553440683055e-16,-1.0038802935257871,,90260930
lognormal,500,3,Empirical DML,Exact reserve,0.15,0.0,0.8834265878681287,0.0704075396379405,0.7718567076821136,0.7718567076821136,0.1115698801860151,0.1115698801860151,True,True,0.2759975553807268,0.0009757360965008,False,False,,,,90260930
lognormal,500,3,Smooth plug-in,Fixed bandwidth,0.15,0.0,0.8600339509547705,0.0375438031456664,0.8318293782081901,0.7718567076821136,0.0282045727465803,0.0881772432726569,True,False,0.1471717083310125,0.0005322374102585,False,False,6.3282712403633915e-15,-1.040718485848524,,90260930
lognormal,500,3,Smooth plug-in,Exact reserve,0.15,0.0,0.845429273919292,0.057165917945039,0.7718567076821136,0.7718567076821136,0.0735725662371784,0.0735725662371784,True,True,0.2240903983445529,0.000339180015374,False,False,,,,90260930
lognormal,500,3,Lognormal MLE,Exact reserve,0.0,,0.7546548804002515,0.0126876880473238,0.7718567076821136,0.7718567076821136,-0.017201827281862,-0.017201827281862,True,True,0.0497357371455096,1.003121182630018e-05,False,False,1.0560483310051438e-07,,True,90260930
lognormal,500,4,Original fixed,Fixed bandwidth,0.15,0.1304349796924862,0.8096424004149104,0.0252353695402895,0.8318293782081901,0.7718567076821136,-0.0221869777932797,0.0377856927327968,True,True,0.098922648597935,7.115146777469938e-05,False,False,1.931721449466295e-11,-1.3759513829712056,,90260930
lognormal,500,4,Original fixed,Exact reserve,0.15,0.1304349796924862,0.7612291404556901,0.037893017000174,0.7718567076821136,0.7718567076821136,-0.0106275672264234,-0.0106275672264234,True,True,0.1485406266406823,4.017416262991347e-06,False,False,,,,90260930
lognormal,500,4,Monotone fixed,Fixed bandwidth,0.15,0.1304349796924862,0.8091903183017629,0.0246165809795911,0.8318293782081901,0.7718567076821136,-0.0226390599064272,0.0373336106196493,True,True,0.0964969974399972,6.925066214247266e-05,False,False,-4.1211478674085813e-16,-1.373011216428832,,90260930
lognormal,500,4,Monotone fixed,Exact reserve,0.15,0.1304349796924862,0.7604899700655189,0.0369647401010133,0.7718567076821136,0.7718567076821136,-0.0113667376165946,-0.0113667376165946,True,True,0.1449017811959723,4.5710910279161965e-06,False,False,,,,90260930
lognormal,500,4,Original adaptive,Fixed bandwidth,0.15,0.6666666666666666,0.855750508376458,0.048215636167873,0.8318293782081901,0.7718567076821136,0.0239211301682679,0.0838938006943444,True,True,0.1890052937780625,0.0004695954577265,False,False,6.394884621840901e-17,-1.355652843618138,,90260930
lognormal,500,4,Original adaptive,Exact reserve,0.15,0.6666666666666666,0.8428210505875674,0.0790259185156868,0.7718567076821136,0.7718567076821136,0.0709643429054538,0.0709643429054538,True,True,0.3097816005814924,0.000310518569951,False,False,,,,90260930
lognormal,500,4,Monotone adaptive,Fixed bandwidth,0.15,0.4166666666666667,0.8131473097405709,0.0258509115722293,0.8318293782081901,0.7718567076821136,-0.0186820684676192,0.0412906020584573,True,True,0.1013355733631391,8.695807225356234e-05,False,False,-2.389199948993337e-15,-1.362556807773876,,90260930
lognormal,500,4,Monotone adaptive,Exact reserve,0.15,0.4166666666666667,0.7663059137013893,0.0393337694321907,0.7718567076821136,0.7718567076821136,-0.0055507939807242,-0.0055507939807242,True,True,0.1541883761741875,1.1369845780428989e-06,False,False,,,,90260930
lognormal,500,4,Empirical DML,Fixed bandwidth,0.15,0.0,0.8090603957800225,0.0245934879897011,0.8318293782081901,0.7718567076821136,-0.0227689824281676,0.0372036880979089,True,True,0.0964064729196284,6.87101142256008e-05,False,False,-5.897504706808832e-16,-1.3824960308464451,,90260930
lognormal,500,4,Empirical DML,Exact reserve,0.15,0.0,0.7603122715596736,0.0367123817206184,0.7718567076821136,0.7718567076821136,-0.0115444361224399,-0.0115444361224399,True,True,0.1439125363448243,4.709065985153416e-06,False,False,,,,90260930
lognormal,500,4,Smooth plug-in,Fixed bandwidth,0.15,0.0,0.8115744503838022,0.0245017622976518,0.8318293782081901,0.7718567076821136,-0.0202549278243879,0.0397177427016885,True,True,0.0960469082067954,7.962744904532748e-05,False,False,4.440892098500626e-16,-1.331609585585869,,90260930
lognormal,500,4,Smooth plug-in,Exact reserve,0.15,0.0,0.7649504665213935,0.0367633578316519,0.7718567076821136,0.7718567076821136,-0.00690624116072,-0.00690624116072,True,True,0.1441123627000756,1.7429181957684392e-06,False,False,,,,90260930
lognormal,500,4,Lognormal MLE,Exact reserve,0.0,,0.7794883863360391,0.0121773901482048,0.7718567076821136,0.7718567076821136,0.0076316786539255,0.0076316786539255,True,True,0.0477353693809629,2.361060216449218e-06,False,False,2.2555367795717984e-08,,True,90260930
lognormal,500,5,Original fixed,Fixed bandwidth,0.15,0.1304349796924862,0.7897042980862157,0.0204875110674918,0.8318293782081901,0.7718567076821136,-0.0421250801219744,0.0178475904041021,False,True,0.080311043384568,1.3867245136189864e-05,False,False,7.83206210996923e-12,-1.40968639985628,,90260930
lognormal,500,5,Original fixed,Exact reserve,0.15,0.1304349796924862,0.7411755897438259,0.0286769087464154,0.7718567076821136,0.7718567076821136,-0.0306811179382876,-0.0306811179382876,True,True,0.1124134822859487,2.8869348002835693e-05,False,False,,,,90260930
lognormal,500,5,Monotone fixed,Fixed bandwidth,0.15,0.1304349796924862,0.7886356636138614,0.0209445753274364,0.8318293782081901,0.7718567076821136,-0.0431937145943287,0.0167789559317478,False,True,0.0821027352835509,1.2166023352300217e-05,False,False,-5.062616992290713e-16,-1.408959068301363,,90260930
lognormal,500,5,Monotone fixed,Exact reserve,0.15,0.1304349796924862,0.7393063968232927,0.0297486486092378,0.7718567076821136,0.7718567076821136,-0.0325503108588208,-0.0325503108588208,True,True,0.1166147025482123,3.204057009775774e-05,False,False,,,,90260930
lognormal,500,5,Original adaptive,Fixed bandwidth,0.15,0.8333333333333334,0.7977468332676294,0.021529125019685,0.8318293782081901,0.7718567076821136,-0.0340825449405607,0.0258901255855158,True,True,0.0843941700771655,3.083576509466113e-05,False,False,-5.826450433232822e-16,-1.4407090759234984,,90260930
lognormal,500,5,Original adaptive,Exact reserve,0.15,0.8333333333333334,0.7580509631134599,0.0305468998645552,0.7718567076821136,0.7718567076821136,-0.0138057445686536,-0.0138057445686536,True,True,0.1197438474690567,6.624312389513776e-06,False,False,,,,90260930
lognormal,500,5,Monotone adaptive,Fixed bandwidth,0.15,0.6666666666666666,0.7903493644319577,0.0222579576086321,0.8318293782081901,0.7718567076821136,-0.0414800137762324,0.0184926567498441,True,True,0.087251193825838,1.4954069020856052e-05,False,False,-4.440892098500626e-18,-1.459298809532914,,90260930
lognormal,500,5,Monotone adaptive,Exact reserve,0.15,0.6666666666666666,0.7429444928481531,0.0326112591044114,0.7718567076821136,0.7718567076821136,-0.0289122148339604,-0.0289122148339604,True,True,0.1278361356892928,2.5978727118625144e-05,False,False,,,,90260930
lognormal,500,5,Empirical DML,Fixed bandwidth,0.15,0.0,0.7895643757116286,0.0206466126738451,0.8318293782081901,0.7718567076821136,-0.0422650024965615,0.017707668029515,False,True,0.0809347216814728,1.3637481446560074e-05,False,False,1.5678875975311258e-11,-1.4080733111250998,,90260930
lognormal,500,5,Empirical DML,Exact reserve,0.15,0.0,0.7409048234335631,0.0288467120641813,0.7718567076821136,0.7718567076821136,-0.0309518842485504,-0.0309518842485504,True,True,0.1130791112915909,2.9321416319838537e-05,False,False,,,,90260930
lognormal,500,5,Smooth plug-in,Fixed bandwidth,0.15,0.0,0.7855523336900632,0.0204741715259905,0.8318293782081901,0.7718567076821136,-0.0462770445181269,0.0136956260079496,False,True,0.0802587523818827,7.933744219146277e-06,False,False,-1.1102230246251563e-16,-1.4126771798284032,,90260930
lognormal,500,5,Smooth plug-in,Exact reserve,0.15,0.0,0.7331374684698704,0.0293102362984537,0.7718567076821136,0.7718567076821136,-0.0387192392122431,-0.0387192392122431,True,True,0.1148961262899387,4.326914198227172e-05,False,False,,,,90260930
lognormal,500,5,Lognormal MLE,Exact reserve,0.0,,0.7624009547105528,0.0121862003260328,0.7718567076821136,0.7718567076821136,-0.0094557529715607,-0.0094557529715607,True,True,0.0477699052780489,3.207584102549177e-06,False,False,8.302581733232729e-08,,True,90260930
lognormal,500,6,Original fixed,Fixed bandwidth,0.15,0.1304349796924862,0.7965223144544072,0.0253529622087092,0.8318293782081901,0.7718567076821136,-0.0353070637537829,0.0246656067722936,True,True,0.0993836118581401,2.775532463594743e-05,False,False,1.314504061156185e-16,-1.346712658083833,,90260930
lognormal,500,6,Original fixed,Exact reserve,0.15,0.1304349796924862,0.7516128097999825,0.0373175623762055,0.7718567076821136,0.7718567076821136,-0.0202438978821311,-0.0202438978821311,True,True,0.1462848445147255,1.3584737892369247e-05,False,False,,,,90260930
lognormal,500,6,Monotone fixed,Fixed bandwidth,0.15,0.1304349796924862,0.7958615016655652,0.0248189327628111,0.8318293782081901,0.7718567076821136,-0.0359678765426249,0.0240047939834516,True,True,0.0972902164302197,2.616970767688187e-05,False,False,-6.572520305780925e-17,-1.3418452088186503,,90260930
lognormal,500,6,Monotone fixed,Exact reserve,0.15,0.1304349796924862,0.7502563986061341,0.0365975570561355,0.7718567076821136,0.7718567076821136,-0.0216003090759794,-0.0216003090759794,True,True,0.1434624236600513,1.5311813735818802e-05,False,False,,,,90260930
lognormal,500,6,Original adaptive,Fixed bandwidth,0.15,0.75,0.795366317446548,0.0327885654493022,0.8318293782081901,0.7718567076821136,-0.0364630607616421,0.0235096097644343,True,True,0.1285311765612648,2.5016413665479575e-05,False,False,9.414691248821327e-17,-1.330615601043199,,90260930
lognormal,500,6,Original adaptive,Exact reserve,0.15,0.75,0.749267284822719,0.0508234330681507,0.7718567076821136,0.7718567076821136,-0.0225894228593945,-0.0225894228593945,True,True,0.199227857627151,1.662393740642365e-05,False,False,,,,90260930
lognormal,500,6,Monotone adaptive,Fixed bandwidth,0.15,0.5,0.7943161212556596,0.02426433168505,0.8318293782081901,0.7718567076821136,-0.0375132569525304,0.022459413573546,True,True,0.0951161802053961,2.266765975234009e-05,False,False,3.092949185656835e-11,-1.3675425082597403,,90260930
lognormal,500,6,Monotone adaptive,Exact reserve,0.15,0.5,0.7464576804266096,0.037075575457455,0.7718567076821136,0.7718567076821136,-0.0253990272555039,-0.0253990272555039,True,True,0.1453362557932237,2.05819673848584e-05,False,False,,,,90260930
lognormal,500,6,Empirical DML,Fixed bandwidth,0.15,0.0,0.7965538999254259,0.0248307791176308,0.8318293782081901,0.7718567076821136,-0.0352754782827642,0.0246971922433123,True,True,0.097336654141113,2.783247857096605e-05,False,False,3.8191672047105384e-16,-1.343224308373463,,90260930
lognormal,500,6,Empirical DML,Exact reserve,0.15,0.0,0.7515770413886299,0.0364670215042696,0.7718567076821136,0.7718567076821136,-0.0202796662934836,-0.0202796662934836,True,True,0.142950724296737,1.3629233842848976e-05,False,False,,,,90260930
lognormal,500,6,Smooth plug-in,Fixed bandwidth,0.15,0.0,0.793017745461974,0.0232762738230563,0.8318293782081901,0.7718567076821136,-0.0388116327462161,0.0211610377798604,True,True,0.0912429933863807,1.994425483009543e-05,False,False,-1.5543122344752194e-15,-1.3862764085431634,,90260930
lognormal,500,6,Smooth plug-in,Exact reserve,0.15,0.0,0.7457986762285943,0.0343778215411541,0.7718567076821136,0.7718567076821136,-0.0260580314535192,-0.0260580314535192,True,True,0.1347610604413242,2.1557729809940085e-05,False,False,,,,90260930
lognormal,500,6,Lognormal MLE,Exact reserve,0.0,,0.7717804514927438,0.0126469344926349,0.7718567076821136,0.7718567076821136,-7.625618936979439e-05,-7.625618936979439e-05,True,True,0.0495759832111289,2.3055868325627668e-10,False,False,4.9920402034331346e-08,,True,90260930
lognormal,500,7,Original fixed,Fixed bandwidth,0.15,0.1304349796924862,0.7996187687020337,0.0246005399712989,0.8318293782081901,0.7718567076821136,-0.0322106095061563,0.0277620610199201,True,True,0.0964341166874918,3.5909510208043116e-05,False,False,1.0625825552779132e-11,-1.6716531145002376,,90260930
lognormal,500,7,Original fixed,Exact reserve,0.15,0.1304349796924862,0.7753524870916895,0.0365662322919023,0.7718567076821136,0.7718567076821136,0.0034957794095759,0.0034957794095759,True,True,0.143339630584257,4.811315836850127e-07,False,False,,,,90260930
lognormal,500,7,Monotone fixed,Fixed bandwidth,0.15,0.1304349796924862,0.8025368743688684,0.025971869351352,0.8318293782081901,0.7718567076821136,-0.0292925038393216,0.0306801666867548,True,True,0.1018097278573001,4.472917952513811e-05,False,False,-2.4158453015843413e-16,-1.6727828807682954,,90260930
lognormal,500,7,Monotone fixed,Exact reserve,0.15,0.1304349796924862,0.7805955778257476,0.0387756768430258,0.7718567076821136,0.7718567076821136,0.008738870143634,0.008738870143634,True,True,0.1520006532246613,3.119964214759463e-06,False,False,,,,90260930
lognormal,500,7,Original adaptive,Fixed bandwidth,0.15,0.6666666666666666,0.8140816440535507,0.0292483822525543,0.8318293782081901,0.7718567076821136,-0.0177477341546394,0.042224936371437,True,True,0.1146536584300131,9.149967297017449e-05,False,False,-2.303675472603573e-11,-1.6824696151511984,,90260930
lognormal,500,7,Original adaptive,Exact reserve,0.15,0.6666666666666666,0.7982077607196216,0.0452071531674965,0.7718567076821136,0.7718567076821136,0.026351053037508,0.026351053037508,True,True,0.1772120404165864,3.204376392385022e-05,False,False,,,,90260930
lognormal,500,7,Monotone adaptive,Fixed bandwidth,0.15,0.3333333333333333,0.78859096666224,0.0210844274749019,0.8318293782081901,0.7718567076821136,-0.04323841154595,0.0167342589801264,False,True,0.0826509557016155,1.2097587703374655e-05,False,False,-3.8744789598865734e-12,-1.631169981368816,,90260930
lognormal,500,7,Monotone adaptive,Exact reserve,0.15,0.3333333333333333,0.7559518491720923,0.0302228509620946,0.7718567076821136,0.7718567076821136,-0.0159048585100212,-0.0159048585100212,True,True,0.1184735757714111,8.657634235076372e-06,False,False,,,,90260930
lognormal,500,7,Empirical DML,Fixed bandwidth,0.15,0.0,0.8113338610493614,0.0287516608574984,0.8318293782081901,0.7718567076821136,-0.0204955171588286,0.0394771533672478,True,True,0.1127065105613938,7.854049270705765e-05,False,False,4.973799150320702e-17,-1.7786898929825057,,90260930
lognormal,500,7,Empirical DML,Exact reserve,0.15,0.0,0.7966688985821073,0.0440626027697234,0.7718567076821136,0.7718567076821136,0.0248121908999937,0.0248121908999937,True,True,0.172725402857316,2.811432236304867e-05,False,False,,,,90260930
lognormal,500,7,Smooth plug-in,Fixed bandwidth,0.15,0.0,0.7865681427991935,0.0208254666059821,0.8318293782081901,0.7718567076821136,-0.0452612354089966,0.0147114351170799,False,True,0.0816358290954498,9.219340837196556e-06,False,False,2.220446049250313e-16,-1.6691539595642402,,90260930
lognormal,500,7,Smooth plug-in,Exact reserve,0.15,0.0,0.7524682515225847,0.0298451347728682,0.7718567076821136,0.7718567076821136,-0.0193884561595288,-0.0193884561595288,True,True,0.1169929283096433,1.2539892956020536e-05,False,False,,,,90260930
lognormal,500,7,Lognormal MLE,Exact reserve,0.0,,0.7573344383071886,0.0117221073474423,0.7718567076821136,0.7718567076821136,-0.0145222693749249,-0.0145222693749249,True,True,0.0459506608019738,7.291431770362067e-06,False,False,1.074807989276394e-07,,True,90260930
lognormal,500,8,Original fixed,Fixed bandwidth,0.15,0.1304349796924862,0.8419776789252098,0.0333309607125248,0.8318293782081901,0.7718567076821136,0.0101483007170196,0.0701209712430962,True,False,0.1306573659930972,0.0003016016625843,False,False,1.589839371263224e-16,-1.5011295889384844,,90260930
lognormal,500,8,Original fixed,Exact reserve,0.15,0.1304349796924862,0.827108723375986,0.0475119728208613,0.7718567076821136,0.7718567076821136,0.0552520156938723,0.0552520156938723,True,True,0.1862469334577765,0.000170500990106,False,False,,,,90260930
lognormal,500,8,Monotone fixed,Fixed bandwidth,0.15,0.1304349796924862,0.8411312005873074,0.0320718671759173,0.8318293782081901,0.7718567076821136,0.0093018223791172,0.0692744929051938,True,False,0.125721719329596,0.0002928212418582,False,False,2.664535259100376e-18,-1.496285427417089,,90260930
lognormal,500,8,Monotone fixed,Exact reserve,0.15,0.1304349796924862,0.8258577338352617,0.0452767148323655,0.7718567076821136,0.7718567076821136,0.0540010261531481,0.0540010261531481,True,True,0.1774847221428728,0.0001615656404851,False,False,,,,90260930
lognormal,500,8,Original adaptive,Fixed bandwidth,0.15,0.3333333333333333,0.8526793197229018,0.0368045339737208,0.8318293782081901,0.7718567076821136,0.0208499415147116,0.0808226120407882,True,False,0.1442737731769856,0.000427841643068,False,False,-1.6306955785694302e-15,-1.644167775256209,,90260930
lognormal,500,8,Original adaptive,Exact reserve,0.15,0.3333333333333333,0.8484668804580636,0.0550755741571374,0.7718567076821136,0.7718567076821136,0.07661017277595,0.07661017277595,True,True,0.2158962506959788,0.0003746810630536,False,False,,,,90260930
lognormal,500,8,Monotone adaptive,Fixed bandwidth,0.15,0.3333333333333333,0.8391355561543505,0.0316913004077149,0.8318293782081901,0.7718567076821136,0.0073061779461603,0.0672788484722369,True,False,0.1242298975982426,0.0002727825439252,False,False,-2.156008704901069e-11,-1.4701876380564305,,90260930
lognormal,500,8,Monotone adaptive,Exact reserve,0.15,0.3333333333333333,0.8219916471052273,0.0445614402578746,0.7718567076821136,0.7718567076821136,0.0501349394231137,0.0501349394231137,True,True,0.1746808458108687,0.0001358300577265,False,False,,,,90260930
lognormal,500,8,Empirical DML,Fixed bandwidth,0.15,0.0,0.8414942167279843,0.0322351340834739,0.8318293782081901,0.7718567076821136,0.0096648385197941,0.0696375090458707,True,False,0.1263617256072179,0.0002965661012788,False,False,2.1882495815361834e-16,-1.5126628189462066,,90260930
lognormal,500,8,Empirical DML,Exact reserve,0.15,0.0,0.8267351305469296,0.0454013334215508,0.7718567076821136,0.7718567076821136,0.054878422864816,0.054878422864816,True,True,0.1779732270124793,0.0001678008101175,False,False,,,,90260930
lognormal,500,8,Smooth plug-in,Fixed bandwidth,0.15,0.0,0.8445518229229221,0.0318716137757117,0.8318293782081901,0.7718567076821136,0.0127224447147319,0.0726951152408085,True,False,0.12493672600079,0.0003293530828567,False,False,6.581624134582853e-12,-1.432630859531936,,90260930
lognormal,500,8,Smooth plug-in,Exact reserve,0.15,0.0,0.830255437671015,0.0450532584636149,0.7718567076821136,0.7718567076821136,0.0583987299889013,0.0583987299889013,True,True,0.1766087731773705,0.0001943401632191,False,False,,,,90260930
lognormal,500,8,Lognormal MLE,Exact reserve,0.0,,0.7494377552931393,0.0120750411043709,0.7718567076821136,0.7718567076821136,-0.0224189523889742,-0.0224189523889742,True,True,0.0473341611291341,1.6394625809157404e-05,False,False,1.3013866928535124e-08,,True,90260930
lognormal,500,9,Original fixed,Fixed bandwidth,0.15,0.1304349796924862,0.8249122524062064,0.0391013804402808,0.8318293782081901,0.7718567076821136,-0.0069171258019837,0.0530555447240927,True,True,0.1532774113259009,0.0001550124643174,False,False,2.836557655427896e-13,-1.012862144354898,,90260930
lognormal,500,9,Original fixed,Exact reserve,0.15,0.1304349796924862,0.7799464492512571,0.0610888607261126,0.7718567076821136,0.7718567076821136,0.0080897415691435,0.0080897415691435,True,True,0.2394683340463615,2.6616000678991725e-06,False,False,,,,90260930
lognormal,500,9,Monotone fixed,Fixed bandwidth,0.15,0.1304349796924862,0.8233551603884135,0.0385011491119049,0.8318293782081901,0.7718567076821136,-0.0084742178197766,0.0514984527062999,True,True,0.1509245045186673,0.0001445885052671,False,False,-6.217248937900876e-16,-1.0142473228680515,,90260930
lognormal,500,9,Monotone fixed,Exact reserve,0.15,0.1304349796924862,0.7769610506514336,0.0601235199386187,0.7718567076821136,0.7718567076821136,0.00510434296932,0.00510434296932,True,True,0.2356841981593853,1.037515899637853e-06,False,False,,,,90260930
lognormal,500,9,Original adaptive,Fixed bandwidth,0.15,0.1666666666666666,0.8313630424194007,0.0421620854318399,0.8318293782081901,0.7718567076821136,-0.0004663357887894,0.0595063347372871,True,True,0.1652753748928127,0.0002032071036799,False,False,1.7763568394002506e-16,-1.0452921331666687,,90260930
lognormal,500,9,Original adaptive,Exact reserve,0.15,0.1666666666666666,0.7928577285405223,0.0670028755527033,0.7718567076821136,0.7718567076821136,0.0210010208584087,0.0210010208584087,True,True,0.262651272166597,1.9622167658939205e-05,False,False,,,,90260930
lognormal,500,9,Monotone adaptive,Fixed bandwidth,0.15,0.6666666666666666,0.8260338714127966,0.0375234662160419,0.8318293782081901,0.7718567076821136,-0.0057955067953935,0.054177163730683,True,True,0.1470919875668845,0.0001628055717461,False,False,2.2026824808563103e-16,-1.0199947829160647,,90260930
lognormal,500,9,Monotone adaptive,Exact reserve,0.15,0.6666666666666666,0.7834298129746592,0.0578949587621712,0.7718567076821136,0.7718567076821136,0.0115731052925456,0.0115731052925456,True,True,0.2269482383477112,5.581951445510214e-06,False,False,,,,90260930
lognormal,500,9,Empirical DML,Fixed bandwidth,0.15,0.0,0.8223548862257128,0.0383831138399158,0.8318293782081901,0.7718567076821136,-0.0094744919824772,0.0504981785435992,True,True,0.15046180625247,0.0001381298890119,False,False,7.851497230149107e-16,-1.0153795662712106,,90260930
lognormal,500,9,Empirical DML,Exact reserve,0.15,0.0,0.7748414161531465,0.060092393884657,0.7718567076821136,0.7718567076821136,0.0029847084710329,0.0029847084710329,True,True,0.2355621840278556,3.493883717897717e-07,False,False,,,,90260930
lognormal,500,9,Smooth plug-in,Fixed bandwidth,0.15,0.0,0.8263063862760143,0.033602827992223,0.8318293782081901,0.7718567076821136,-0.0055229919321758,0.0544496785939007,True,True,0.1317230857295142,0.0001647352911149,False,False,1.1102230246251563e-16,-1.0546836289127004,,90260930
lognormal,500,9,Smooth plug-in,Exact reserve,0.15,0.0,0.7859888943384953,0.0504251913728369,0.7718567076821136,0.7718567076821136,0.0141321866563817,0.0141321866563817,True,True,0.1976667501815207,8.473371072570401e-06,False,False,,,,90260930
lognormal,500,9,Lognormal MLE,Exact reserve,0.0,,0.7598573046643974,0.0128447073579604,0.7718567076821136,0.7718567076821136,-0.0119994030177161,-0.0119994030177161,True,True,0.0503512528432048,5.07071407085391e-06,False,False,1.37962588159235e-08,,True,90260930
lognormal,500,10,Original fixed,Fixed bandwidth,0.15,0.1304349796924862,0.7938135267574818,0.0250429064692561,0.8318293782081901,0.7718567076821136,-0.0380158514507082,0.0219568190753682,True,True,0.098168193359484,2.1590109481106623e-05,False,False,-1.5987211554602254e-16,-1.6594782901557892,,90260930
lognormal,500,10,Original fixed,Exact reserve,0.15,0.1304349796924862,0.7551513682839552,0.0345023287884935,0.7718567076821136,0.7718567076821136,-0.0167053393981583,-0.0167053393981583,True,True,0.1352491288508947,9.495117051283586e-06,False,False,,,,90260930
lognormal,500,10,Monotone fixed,Fixed bandwidth,0.15,0.1304349796924862,0.7941315599763196,0.0239061912932201,0.8318293782081901,0.7718567076821136,-0.0376978182318705,0.022274852294206,True,True,0.0937122698694229,2.2268650221590747e-05,False,False,-2.3118850833725445e-11,-1.6253801395183662,,90260930
lognormal,500,10,Monotone fixed,Exact reserve,0.15,0.1304349796924862,0.7547547184743799,0.0325339148216316,0.7718567076821136,0.7718567076821136,-0.0171019892077336,-0.0171019892077336,True,True,0.1275329461007959,9.92235786045903e-06,False,False,,,,90260930
lognormal,500,10,Original adaptive,Fixed bandwidth,0.15,0.3333333333333333,0.7966208107201532,0.0260338382023423,0.8318293782081901,0.7718567076821136,-0.0352085674880369,0.0247641030380396,True,True,0.1020526457531819,2.7996146108488773e-05,False,False,2.522426711948355e-16,-1.6124285776238876,,90260930
lognormal,500,10,Original adaptive,Exact reserve,0.15,0.3333333333333333,0.7582745645501443,0.0364984614636258,0.7718567076821136,0.7718567076821136,-0.0135821431319692,-0.0135821431319692,True,True,0.1430739689374134,6.421961030955714e-06,False,False,,,,90260930
lognormal,500,10,Monotone adaptive,Fixed bandwidth,0.15,0.1666666666666666,0.7932191769081824,0.0230778071234028,0.8318293782081901,0.7718567076821136,-0.0386102013000076,0.0213624692260688,True,True,0.090465003923739,2.0353875237910657e-05,False,False,-7.034373084024992e-16,-1.628976359812686,,90260930
lognormal,500,10,Monotone adaptive,Exact reserve,0.15,0.1666666666666666,0.7527202057820143,0.030917398788494,0.7718567076821136,0.7718567076821136,-0.0191365019000993,-0.0191365019000993,True,True,0.1211962032508966,1.2238846526679836e-05,False,False,,,,90260930
lognormal,500,10,Empirical DML,Fixed bandwidth,0.15,0.0,0.7956192914005144,0.0243842223604843,0.8318293782081901,0.7718567076821136,-0.0362100868076757,0.0237625837184007,True,True,0.0955861516530984,2.5601870500269183e-05,False,False,-4.973799150320702e-17,-1.6351355480391303,,90260930
lognormal,500,10,Empirical DML,Exact reserve,0.15,0.0,0.7576437937361357,0.0335609432060219,0.7718567076821136,0.7718567076821136,-0.0142129139459779,-0.0142129139459779,True,True,0.131558897367606,6.999887435243934e-06,False,False,,,,90260930
lognormal,500,10,Smooth plug-in,Fixed bandwidth,0.15,0.0,0.7904622658241688,0.0233762212423132,0.8318293782081901,0.7718567076821136,-0.0413671123840213,0.0186055581420552,True,True,0.0916347872698679,1.5149069566566808e-05,False,False,0.0,-1.5585254665978487,,90260930
lognormal,500,10,Smooth plug-in,Exact reserve,0.15,0.0,0.7442871183258998,0.0320412233508726,0.7718567076821136,0.7718567076821136,-0.0275695893562137,-0.0275695893562137,True,True,0.1256015955354207,2.386047072877595e-05,False,False,,,,90260930
lognormal,500,10,Lognormal MLE,Exact reserve,0.0,,0.7688374620823246,0.0128525259889156,0.7718567076821136,0.7718567076821136,-0.0030192455997889,-0.0030192455997889,True,True,0.0503819018765491,3.425601149409374e-07,False,False,7.654326061867778e-09,,True,90260930
lognormal,2000,1,Original fixed,Fixed bandwidth,0.15,0.0361445825096095,0.8074124973137926,0.0157244278128866,0.8318293782081901,0.7718567076821136,-0.0244168808943975,0.035555789631679,True,False,0.0616397570265156,6.207252951062614e-05,False,False,1.1155520951433573e-15,-1.1583001714904562,,90260930
lognormal,2000,1,Original fixed,Exact reserve,0.1136787424882798,0.0361445825096095,0.7210612164777224,0.0323729470426945,0.7718567076821136,0.7718567076821136,-0.0507954912043912,-0.0507954912043912,True,True,0.1269019524073627,6.788880320818258e-05,False,False,,,,90260930
lognormal,2000,1,Monotone fixed,Fixed bandwidth,0.15,0.0361445825096095,0.8073135154245675,0.0156291417726707,0.8318293782081901,0.7718567076821136,-0.0245158627836226,0.0354568077424539,True,False,0.0612662357488693,6.168648101345653e-05,False,False,9.14823772291129e-16,-1.1579812191585237,,90260930
lognormal,2000,1,Monotone fixed,Exact reserve,0.1136787424882798,0.0361445825096095,0.72049073396071,0.0319288675772838,0.7718567076821136,0.7718567076821136,-0.0513659737214036,-0.0513659737214036,True,True,0.1251611609029525,6.911704430789811e-05,False,False,,,,90260930
lognormal,2000,1,Original adaptive,Fixed bandwidth,0.15,0.5,0.8303667950437998,0.0210956762510236,0.8318293782081901,0.7718567076821136,-0.0014625831643902,0.0585100873616862,True,False,0.0826950509040125,0.0001952203155268,False,False,2.131628207280301e-17,-1.188766689470402,,90260930
lognormal,2000,1,Original adaptive,Exact reserve,0.1136787424882798,0.4166666666666667,0.8250651234748794,0.0655858624803243,0.7718567076821136,0.7718567076821136,0.0532084157927658,0.0532084157927658,True,True,0.2570965809228715,0.0001560605620012,False,False,,,,90260930
lognormal,2000,1,Monotone adaptive,Fixed bandwidth,0.15,0.6666666666666666,0.8095517364848662,0.0158783482671176,0.8318293782081901,0.7718567076821136,-0.0222776417233239,0.0376950288027526,True,False,0.062243125207101,7.076779344439288e-05,False,False,1.443317820815082e-11,-1.1695562982687324,,90260930
lognormal,2000,1,Monotone adaptive,Exact reserve,0.1136787424882798,0.5,0.7275277797315023,0.0327843617742851,0.7718567076821136,0.7718567076821136,-0.0443289279506112,-0.0443289279506112,True,True,0.1285146981551977,5.433967500967363e-05,False,False,,,,90260930
lognormal,2000,1,Empirical DML,Fixed bandwidth,0.15,0.0,0.8073268349123667,0.015594441106975,0.8318293782081901,0.7718567076821136,-0.0245025432958234,0.0354701272302531,True,False,0.0611302091393422,6.173842687418052e-05,False,False,1.1013412404281553e-15,-1.158741611683336,,90260930
lognormal,2000,1,Empirical DML,Exact reserve,0.1136787424882798,0.0,0.7209387133819865,0.0318118003717698,0.7718567076821136,0.7718567076821136,-0.0509179943001271,-0.0509179943001271,True,True,0.1247022574573379,6.815214748345788e-05,False,False,,,,90260930
lognormal,2000,1,Smooth plug-in,Fixed bandwidth,0.15,0.0,0.8066515101487859,0.0150262428657627,0.8318293782081901,0.7718567076821136,-0.0251778680594042,0.0347948024666723,True,False,0.05890287203379,5.914262173356555e-05,False,False,1.1102230246251563e-16,-1.1468946225778875,,90260930
lognormal,2000,1,Smooth plug-in,Exact reserve,0.1136787424882798,0.0,0.7071452346781297,0.0307779423964091,0.7718567076821136,0.7718567076821136,-0.0647114730039838,-0.0647114730039838,False,False,0.1206495341939238,9.88655003255623e-05,False,False,,,,90260930
lognormal,2000,1,Lognormal MLE,Exact reserve,0.0,,0.7639862642672232,0.0065032484301723,0.7718567076821136,0.7718567076821136,-0.0078704434148904,-0.0078704434148904,True,True,0.0254927338462757,2.247846678349319e-06,False,False,3.368534740033624e-07,,True,90260930
lognormal,2000,2,Original fixed,Fixed bandwidth,0.15,0.0361445825096095,0.802085637150112,0.0135252513935372,0.8318293782081901,0.7718567076821136,-0.029743741058078,0.0302289294679984,False,False,0.053018985462666,4.3291220799712704e-05,False,False,1.3062884107739592e-15,-1.4981874601312726,,90260930
lognormal,2000,2,Original fixed,Exact reserve,0.1136787424882798,0.0361445825096095,0.7537557284076983,0.029508891566611,0.7718567076821136,0.7718567076821136,-0.0181009792744152,-0.0181009792744152,True,True,0.1156748549411154,1.1034009012700352e-05,False,False,,,,90260930
lognormal,2000,2,Monotone fixed,Fixed bandwidth,0.15,0.0361445825096095,0.8020907094434823,0.0132928123475499,0.8318293782081901,0.7718567076821136,-0.0297386687647078,0.0302340017613687,False,False,0.0521078244023956,4.330722661305408e-05,False,False,1.205924249347845e-15,-1.4980288767597458,,90260930
lognormal,2000,2,Monotone fixed,Exact reserve,0.1136787424882798,0.0361445825096095,0.7537109028252844,0.0283657436120783,0.7718567076821136,0.7718567076821136,-0.0181458048568291,-0.0181458048568291,True,True,0.1111937149593472,1.108511100378351e-05,False,False,,,,90260930
lognormal,2000,2,Original adaptive,Fixed bandwidth,0.15,0.0833333333333333,0.802294278830543,0.0137473757344422,0.8318293782081901,0.7718567076821136,-0.029535099377647,0.0304375711484294,False,False,0.0538897128790136,4.395264923440223e-05,False,False,1.404654170755748e-15,-1.49716406632721,,90260930
lognormal,2000,2,Original adaptive,Exact reserve,0.1136787424882798,0.0833333333333333,0.7541808823860656,0.0302694457050785,0.7718567076821136,0.7718567076821136,-0.0176758252960479,-0.0176758252960479,True,True,0.1186562271639078,1.0554787847283364e-05,False,False,,,,90260930
lognormal,2000,2,Monotone adaptive,Fixed bandwidth,0.15,0.5,0.8050146954450978,0.0127074707509855,0.8318293782081901,0.7718567076821136,-0.0268146827630922,0.0331579877629842,False,False,0.0498132853438633,5.312350562158841e-05,False,False,-1.912267677539603e-12,-1.5249431587742357,,90260930
lognormal,2000,2,Monotone adaptive,Exact reserve,0.1136787424882798,0.6666666666666666,0.7694055316450129,0.0252924770655192,0.7718567076821136,0.7718567076821136,-0.0024511760371006,-0.0024511760371006,True,True,0.0991465100968354,2.2664641408098873e-07,False,False,,,,90260930
lognormal,2000,2,Empirical DML,Fixed bandwidth,0.15,0.0,0.8020480743741253,0.0133757543395025,0.8318293782081901,0.7718567076821136,-0.0297813038340648,0.0301913666920117,False,False,0.0524329570108498,4.3172690040504946e-05,False,False,1.1579626146840382e-15,-1.4976418963317415,,90260930
lognormal,2000,2,Empirical DML,Exact reserve,0.1136787424882798,0.0,0.7535701169336121,0.02888305339713,0.7718567076821136,0.7718567076821136,-0.0182865907485014,-0.0182865907485014,True,True,0.1132215693167497,1.124610660463432e-05,False,False,,,,90260930
lognormal,2000,2,Smooth plug-in,Fixed bandwidth,0.15,0.0,0.8032590974673198,0.0133215102048396,0.8318293782081901,0.7718567076821136,-0.0285702807408703,0.0314023897852062,False,False,0.0522203200029714,4.7088372933767886e-05,False,False,-1.2212453270876722e-15,-1.4997771626829026,,90260930
lognormal,2000,2,Smooth plug-in,Exact reserve,0.1136787424882798,0.0,0.7555651877065935,0.0284020044013348,0.7718567076821136,0.7718567076821136,-0.01629151997552,-0.01629151997552,True,True,0.1113358572532325,9.057958443303704e-06,False,False,,,,90260930
lognormal,2000,2,Lognormal MLE,Exact reserve,0.0,,0.7688472513373453,0.0061742248771118,0.7718567076821136,0.7718567076821136,-0.0030094563447682,-0.0030094563447682,True,True,0.0242029615182784,3.403877373298059e-07,False,False,2.1063224386885793e-08,,True,90260930
lognormal,2000,3,Original fixed,Fixed bandwidth,0.15,0.0361445825096095,0.8210987964473044,0.0159712987098322,0.8318293782081901,0.7718567076821136,-0.0107305817608857,0.0492420887651908,True,False,0.0626074909425424,0.0001302792261284,False,False,5.3290705182007515e-18,-1.5819853780508628,,90260930
lognormal,2000,3,Original fixed,Exact reserve,0.1136787424882798,0.0361445825096095,0.8066436885007467,0.0340325738432041,0.7718567076821136,0.7718567076821136,0.0347869808186331,0.0347869808186331,True,True,0.1334076894653602,5.911293892268965e-05,False,False,,,,90260930
lognormal,2000,3,Monotone fixed,Fixed bandwidth,0.15,0.0361445825096095,0.8210542040888638,0.0158074153758403,0.8318293782081901,0.7718567076821136,-0.0107751741193263,0.0491974964067501,True,False,0.0619650682732943,0.0001300056481416,False,False,7.105427357601002e-18,-1.5814886807959816,,90260930
lognormal,2000,3,Monotone fixed,Exact reserve,0.1136787424882798,0.0361445825096095,0.8063626424899402,0.0333559496704918,0.7718567076821136,0.7718567076821136,0.0345059348078266,0.0345059348078266,True,True,0.130755322708328,5.805226925104101e-05,False,False,,,,90260930
lognormal,2000,3,Original adaptive,Fixed bandwidth,0.15,0.5833333333333334,0.8227216393711193,0.0170232724655528,0.8318293782081901,0.7718567076821136,-0.0091077388370708,0.0508649316890057,True,False,0.0667312280649671,0.0001404765158439,False,False,-5.151434834260726e-16,-1.5628537714502764,,90260930
lognormal,2000,3,Original adaptive,Exact reserve,0.1136787424882798,0.5833333333333334,0.8072282625542591,0.0413787506054542,0.7718567076821136,0.7718567076821136,0.0353715548721454,0.0353715548721454,True,True,0.1622047023733807,6.135547843966194e-05,False,False,,,,90260930
lognormal,2000,3,Monotone adaptive,Fixed bandwidth,0.15,0.0,0.8211314506650986,0.0159071848809121,0.8318293782081901,0.7718567076821136,-0.0106979275430915,0.049274742982985,True,False,0.0623561647331756,0.0001304795625869,False,False,2.451372438372346e-16,-1.583188130264501,,90260930
lognormal,2000,3,Monotone adaptive,Exact reserve,0.1136787424882798,0.0,0.8068248031950143,0.0336701461010649,0.7718567076821136,0.7718567076821136,0.0349680955129007,0.0349680955129007,True,True,0.1319869727161744,5.980222895862752e-05,False,False,,,,90260930
lognormal,2000,3,Empirical DML,Fixed bandwidth,0.15,0.0,0.8211314506650986,0.0159071848809121,0.8318293782081901,0.7718567076821136,-0.0106979275430915,0.049274742982985,True,False,0.0623561647331756,0.0001304795625869,False,False,2.451372438372346e-16,-1.583188130264501,,90260930
lognormal,2000,3,Empirical DML,Exact reserve,0.1136787424882798,0.0,0.8068248031950143,0.0336701461010649,0.7718567076821136,0.7718567076821136,0.0349680955129007,0.0349680955129007,True,True,0.1319869727161744,5.980222895862752e-05,False,False,,,,90260930
lognormal,2000,3,Smooth plug-in,Fixed bandwidth,0.15,0.0,0.8199322033179702,0.0151986033347477,0.8318293782081901,0.7718567076821136,-0.0118971748902199,0.0480754956358566,True,False,0.0595785250722111,0.0001232416954419,False,False,4.423128530106624e-13,-1.571871262006086,,90260930
lognormal,2000,3,Smooth plug-in,Exact reserve,0.1136787424882798,0.0,0.8019380721310495,0.0311931683078631,0.7718567076821136,0.7718567076821136,0.0300813644489359,0.0300813644489359,True,True,0.1222772197668234,4.282689831303088e-05,False,False,,,,90260930
lognormal,2000,3,Lognormal MLE,Exact reserve,0.0,,0.7669274013505359,0.0062577331651009,0.7718567076821136,0.7718567076821136,-0.0049293063315776,-0.0049293063315776,True,True,0.0245303140071957,9.006955674628614e-07,False,False,4.2802896027538395e-07,,True,90260930
lognormal,2000,4,Original fixed,Fixed bandwidth,0.15,0.0361445825096095,0.8159345115408473,0.0150150594504272,0.8318293782081901,0.7718567076821136,-0.0158948666673428,0.0440778038587337,True,False,0.0588590330456746,0.0001009276028476,False,False,2.575717417130363e-16,-1.1795921219516092,,90260930
lognormal,2000,4,Original fixed,Exact reserve,0.1136787424882798,0.0361445825096095,0.7082495587317857,0.0308991591781154,0.7718567076821136,0.7718567076821136,-0.0636071489503278,-0.0636071489503278,False,False,0.1211247039782126,9.635118590778367e-05,False,False,,,,90260930
lognormal,2000,4,Monotone fixed,Fixed bandwidth,0.15,0.0361445825096095,0.8158788261195173,0.0149154764293797,0.8318293782081901,0.7718567076821136,-0.0159505520886727,0.0440221184374037,True,False,0.0584686676031688,0.0001006358963193,False,False,8.881784197001254e-19,-1.1793065227417807,,90260930
lognormal,2000,4,Monotone fixed,Exact reserve,0.1136787424882798,0.0361445825096095,0.7078339844957139,0.0304920393954217,0.7718567076821136,0.7718567076821136,-0.0640227231863996,-0.0640227231863996,False,False,0.1195287944300532,9.729666208113664e-05,False,False,,,,90260930
lognormal,2000,4,Original adaptive,Fixed bandwidth,0.15,0.3333333333333333,0.8242940158235278,0.0168884120496866,0.8318293782081901,0.7718567076821136,-0.0075353623846623,0.0524373081414142,True,False,0.0662025752347715,0.0001508190592347,False,False,1.2221348377750018e-11,-1.1782005734731404,,90260930
lognormal,2000,4,Original adaptive,Exact reserve,0.1136787424882798,0.3333333333333333,0.7315653644548117,0.0488318181539359,0.7718567076821136,0.7718567076821136,-0.0402913432273018,-0.0402913432273018,True,True,0.191420727163429,4.6297240648307536e-05,False,False,,,,90260930
lognormal,2000,4,Monotone adaptive,Fixed bandwidth,0.15,0.3333333333333333,0.8157048945004557,0.015051676957401,0.8318293782081901,0.7718567076821136,-0.0161244837077344,0.0438481868183421,True,False,0.0590025736730119,9.972841086280936e-05,False,False,1.3322676295501878e-17,-1.1777152074876795,,90260930
lognormal,2000,4,Monotone adaptive,Exact reserve,0.1136787424882798,0.3333333333333333,0.7077732539429359,0.0312488210164044,0.7718567076821136,0.7718567076821136,-0.0640834537391776,-0.0640834537391776,False,False,0.1224953783843055,9.743490618330242e-05,False,False,,,,90260930
lognormal,2000,4,Empirical DML,Fixed bandwidth,0.15,0.0,0.8159087515723165,0.0148970712269172,0.8318293782081901,0.7718567076821136,-0.0159206266358736,0.0440520438902029,True,False,0.0583965192095155,0.00010079265997,False,False,2.842170943040401e-17,-1.1795296083378837,,90260930
lognormal,2000,4,Empirical DML,Exact reserve,0.1136787424882798,0.0,0.7080806313154939,0.0303882970531328,0.7718567076821136,0.7718567076821136,-0.0637760763666196,-0.0637760763666196,False,False,0.1191221244482808,9.673540753829536e-05,False,False,,,,90260930
lognormal,2000,4,Smooth plug-in,Fixed bandwidth,0.15,0.0,0.8155217323635032,0.014853335076194,0.8318293782081901,0.7718567076821136,-0.0163076458446869,0.0436650246813896,True,False,0.0582250734986805,9.8778136972566e-05,False,False,-1.1102230246251563e-16,-1.1756099202270276,,90260930
lognormal,2000,4,Smooth plug-in,Exact reserve,0.1136787424882798,0.0,0.7049198244062826,0.0297381581304298,0.7718567076821136,0.7718567076821136,-0.0669368832758309,-0.0669368832758309,False,False,0.1165735798712851,0.0001039479840561,False,False,,,,90260930
lognormal,2000,4,Lognormal MLE,Exact reserve,0.0,,0.7761308000923113,0.0064276465836344,0.7718567076821136,0.7718567076821136,0.0042740924101977,0.0042740924101977,True,True,0.025196374607847,7.23149207404461e-07,False,False,2.361106377080091e-07,,True,90260930
lognormal,2000,5,Original fixed,Fixed bandwidth,0.15,0.0361445825096095,0.8375411769289067,0.0185466322045869,0.8318293782081901,0.7718567076821136,0.0057117987207165,0.0656844692467931,True,False,0.0727027982419808,0.0002574280345015,False,False,-5.293543381412746e-16,-1.2067800048887811,,90260930
lognormal,2000,5,Original fixed,Exact reserve,0.1136787424882798,0.0361445825096095,0.7787288507457143,0.0426134603348997,0.7718567076821136,0.7718567076821136,0.0068721430636007,0.0068721430636007,True,True,0.1670447645128071,1.9042857459794504e-06,False,False,,,,90260930
lognormal,2000,5,Monotone fixed,Fixed bandwidth,0.15,0.0361445825096095,0.8375610192087745,0.0183405335435183,0.8318293782081901,0.7718567076821136,0.0057316410005843,0.0657043115266609,True,False,0.071894891490592,0.0002576156951894,False,False,-6.235012506294879e-16,-1.2053746534252063,,90260930
lognormal,2000,5,Monotone fixed,Exact reserve,0.1136787424882798,0.0361445825096095,0.7782583140640948,0.0418387233260274,0.7718567076821136,0.7718567076821136,0.0064016063819812,0.0064016063819812,True,True,0.1640077954380275,1.6469681649589063e-06,False,False,,,,90260930
lognormal,2000,5,Original adaptive,Fixed bandwidth,0.15,0.25,0.8367301191688938,0.0190563091228677,0.8318293782081901,0.7718567076821136,0.0049007409607036,0.0648734114867802,True,False,0.0747007317616417,0.0002498366825178,False,False,4.3520742565306136e-16,-1.207993739597457,,90260930
lognormal,2000,5,Original adaptive,Exact reserve,0.1136787424882798,0.25,0.7776021636632797,0.0458572109688977,0.7718567076821136,0.7718567076821136,0.0057454559811661,0.0057454559811661,True,True,0.179760266998079,1.3203928290739242e-06,False,False,,,,90260930
lognormal,2000,5,Monotone adaptive,Fixed bandwidth,0.15,1.0,0.8352698385804196,0.0177437810368527,0.8318293782081901,0.7718567076821136,0.0034404603722294,0.063413130898306,True,False,0.0695556216644629,0.0002365352530457,False,False,2.3092638912203258e-17,-1.1863090230708462,,90260930
lognormal,2000,5,Monotone adaptive,Exact reserve,0.1136787424882798,1.0,0.766632974837456,0.0398454220810159,0.7718567076821136,0.7718567076821136,-0.0052237328446576,-0.0052237328446576,True,True,0.1561940545575823,1.009303327803579e-06,False,False,,,,90260930
lognormal,2000,5,Empirical DML,Fixed bandwidth,0.15,0.0,0.8376779989829537,0.0183644515872841,0.8318293782081901,0.7718567076821136,0.0058486207747635,0.0658212913008401,True,False,0.071988650222154,0.0002587232575672,False,False,-3.907985046680551e-16,-1.2063082545953474,,90260930
lognormal,2000,5,Empirical DML,Exact reserve,0.1136787424882798,0.0,0.7788288911559617,0.0419063027014203,0.7718567076821136,0.7718567076821136,0.006972183473848,0.006972183473848,True,True,0.1642727065895676,1.9614790756072864e-06,False,False,,,,90260930
lognormal,2000,5,Smooth plug-in,Fixed bandwidth,0.15,0.0,0.8358887637517343,0.0181431625313438,0.8318293782081901,0.7718567076821136,0.0040593855435441,0.0640320560696207,True,False,0.0711211971228677,0.0002421157696579,False,False,2.220446049250313e-16,-1.187693592297756,,90260930
lognormal,2000,5,Smooth plug-in,Exact reserve,0.1136787424882798,0.0,0.7683315581122799,0.0414127762774049,0.7718567076821136,0.7718567076821136,-0.0035251495698336,-0.0035251495698336,True,True,0.1623380830074274,4.652077441047453e-07,False,False,,,,90260930
lognormal,2000,5,Lognormal MLE,Exact reserve,0.0,,0.7734231065231423,0.0065144096431985,0.7718567076821136,0.7718567076821136,0.0015663988410287,0.0015663988410287,True,True,0.0255364858013381,9.52859118275029e-08,False,False,3.273293336381045e-07,,True,90260930
lognormal,2000,6,Original fixed,Fixed bandwidth,0.15,0.0361445825096095,0.8356005265835287,0.0183292036350124,0.8318293782081901,0.7718567076821136,0.0037711483753385,0.0637438189014151,True,False,0.0718504782492486,0.0002395062437319,False,False,7.116529587847254e-17,-1.401997757357205,,90260930
lognormal,2000,6,Original fixed,Exact reserve,0.1136787424882798,0.0361445825096095,0.7851265877914363,0.0446180137231363,0.7718567076821136,0.7718567076821136,0.0132698801093227,0.0132698801093227,True,True,0.1749026137946946,7.426173101787725e-06,False,False,,,,90260930
lognormal,2000,6,Monotone fixed,Fixed bandwidth,0.15,0.0361445825096095,0.8354503376693027,0.017971621605721,0.8318293782081901,0.7718567076821136,0.0036209594611125,0.0635936299871891,True,False,0.0704487566944264,0.0002381538945692,False,False,-3.319566843629218e-17,-1.401620591959688,,90260930
lognormal,2000,6,Monotone fixed,Exact reserve,0.1136787424882798,0.0361445825096095,0.7846705545003411,0.0432373435378859,0.7718567076821136,0.7718567076821136,0.0128138468182275,0.0128138468182275,True,True,0.1694903866685129,6.9024793816208074e-06,False,False,,,,90260930
lognormal,2000,6,Original adaptive,Fixed bandwidth,0.15,0.0833333333333333,0.8342269904788594,0.0181112011735678,0.8318293782081901,0.7718567076821136,0.0023976122706692,0.0623702827967458,True,False,0.070995908600386,0.0002273207398615,False,False,3.303946893851162e-11,-1.412293237237213,,90260930
lognormal,2000,6,Original adaptive,Exact reserve,0.1136787424882798,0.0833333333333333,0.7841740975911222,0.0436389913472929,0.7718567076821136,0.7718567076821136,0.0123173899090086,0.0123173899090086,True,True,0.1710648460813882,6.35595826836699e-06,False,False,,,,90260930
lognormal,2000,6,Monotone adaptive,Fixed bandwidth,0.15,0.0,0.8355516650637955,0.0180451295795002,0.8318293782081901,0.7718567076821136,0.0037222868556053,0.0636949573816819,True,False,0.0707369079516411,0.0002390659059594,False,False,-8.64863736182997e-17,-1.4022772363919835,,90260930
lognormal,2000,6,Monotone adaptive,Exact reserve,0.1136787424882798,0.1666666666666666,0.7862905238081965,0.0434264479265331,0.7718567076821136,0.7718567076821136,0.0144338161260829,0.0144338161260829,True,True,0.1702316758720098,8.857514040894188e-06,False,False,,,,90260930
lognormal,2000,6,Empirical DML,Fixed bandwidth,0.15,0.0,0.8355516650637955,0.0180451295795002,0.8318293782081901,0.7718567076821136,0.0037222868556053,0.0636949573816819,True,False,0.0707369079516411,0.0002390659059594,False,False,-8.64863736182997e-17,-1.4022772363919835,,90260930
lognormal,2000,6,Empirical DML,Exact reserve,0.1136787424882798,0.0,0.7849948291808131,0.0435542149896539,0.7718567076821136,0.7718567076821136,0.0131381214986995,0.0131381214986995,True,True,0.1707325227594433,7.272755994991442e-06,False,False,,,,90260930
lognormal,2000,6,Smooth plug-in,Fixed bandwidth,0.15,0.0,0.8327561923464956,0.0168740587804601,0.8318293782081901,0.7718567076821136,0.0009268141383054,0.060899484664382,True,False,0.0661463104194037,0.0002147212426746,False,False,-6.661338147750939e-16,-1.403086291701383,,90260930
lognormal,2000,6,Smooth plug-in,Exact reserve,0.1136787424882798,0.0,0.7797047631907911,0.0385540502315119,0.7718567076821136,0.7718567076821136,0.0078480555086775,0.0078480555086775,True,True,0.1511318769075266,2.500684646911111e-06,False,False,,,,90260930
lognormal,2000,6,Lognormal MLE,Exact reserve,0.0,,0.7787663244113502,0.0063126042321936,0.7718567076821136,0.7718567076821136,0.0069096167292366,0.0069096167292366,True,True,0.0247454085901989,1.9255902381498657e-06,False,False,8.606730883542467e-10,,True,90260930
lognormal,2000,7,Original fixed,Fixed bandwidth,0.15,0.0361445825096095,0.8353537414913157,0.0181108744951025,0.8318293782081901,0.7718567076821136,0.0035243632831255,0.0634970338092021,True,False,0.0709946280208018,0.0002372865760715,False,False,-2.131628207280301e-17,-1.3558397782260287,,90260930
lognormal,2000,7,Original fixed,Exact reserve,0.1136787424882798,0.0361445825096095,0.7974428456437311,0.034791246628949,0.7718567076821136,0.7718567076821136,0.0255861379616175,0.0255861379616175,True,True,0.1363816867854804,3.0053461412604676e-05,False,False,,,,90260930
lognormal,2000,7,Monotone fixed,Fixed bandwidth,0.15,0.0361445825096095,0.8352193153087916,0.0178634639210241,0.8318293782081901,0.7718567076821136,0.0033899371006014,0.063362607626678,True,False,0.0700247785704148,0.0002360831339731,False,False,-1.5987211554602253e-17,-1.3536873437879482,,90260930
lognormal,2000,7,Monotone fixed,Exact reserve,0.1136787424882798,0.0361445825096095,0.7965436010926087,0.0339399295042595,0.7718567076821136,0.7718567076821136,0.0246868934104951,0.0246868934104951,True,True,0.1330445236566974,2.780732157781074e-05,False,False,,,,90260930
lognormal,2000,7,Original adaptive,Fixed bandwidth,0.15,0.3333333333333333,0.8338687997217001,0.0208137169096942,0.8318293782081901,0.7718567076821136,0.0020394215135099,0.0620120920395865,True,False,0.0815897702860015,0.0002242098383593,False,False,-8.29558643999917e-16,-1.30818700168561,,90260930
lognormal,2000,7,Original adaptive,Exact reserve,0.1136787424882798,0.25,0.7994072197170404,0.0421994290190815,0.7718567076821136,0.7718567076821136,0.0275505120349268,0.0275505120349268,True,True,0.1654217617547995,3.531378155008369e-05,False,False,,,,90260930
lognormal,2000,7,Monotone adaptive,Fixed bandwidth,0.15,0.6666666666666666,0.8311726822560667,0.0175050440908702,0.8318293782081901,0.7718567076821136,-0.0006566959521234,0.0593159745739531,True,False,0.0686197728362114,0.0002016653521677,False,False,1.900701818158268e-16,-1.32551072966125,,90260930
lognormal,2000,7,Monotone adaptive,Exact reserve,0.1136787424882798,0.75,0.7812612887850652,0.0315308664692447,0.7718567076821136,0.7718567076821136,0.0094045811029516,0.0094045811029516,True,True,0.1236009965594393,3.63049713447694e-06,False,False,,,,90260930
lognormal,2000,7,Empirical DML,Fixed bandwidth,0.15,0.0,0.8354173224197162,0.01788724918211,0.8318293782081901,0.7718567076821136,0.003587944211526,0.0635606147376026,True,False,0.0701180167938713,0.000237857456995,False,False,-1.7763568394002505e-17,-1.354965967272754,,90260930
lognormal,2000,7,Empirical DML,Exact reserve,0.1136787424882798,0.0,0.7972593967909088,0.0341022709373945,0.7718567076821136,0.7718567076821136,0.0254026891087952,0.0254026891087952,True,True,0.1336809020745867,2.9587244638751287e-05,False,False,,,,90260930
lognormal,2000,7,Smooth plug-in,Fixed bandwidth,0.15,0.0,0.8332304932521433,0.0176223161380874,0.8318293782081901,0.7718567076821136,0.0014011150439531,0.0613737855700297,True,False,0.0690794792613027,0.0002187341043933,False,False,-1.3322676295501878e-15,-1.3220869141999936,,90260930
lognormal,2000,7,Smooth plug-in,Exact reserve,0.1136787424882798,0.0,0.7850971526303093,0.0324783522747435,0.7718567076821136,0.7718567076821136,0.0132404449481957,0.0132404449481957,True,True,0.1273151409169948,7.3917364005193775e-06,False,False,,,,90260930
lognormal,2000,7,Lognormal MLE,Exact reserve,0.0,,0.7789635606432306,0.0064928425842127,0.7718567076821136,0.7718567076821136,0.007106852961117,0.007106852961117,True,True,0.025451942930114,2.039950451449002e-06,False,False,4.529518982110403e-09,,True,90260930
lognormal,2000,8,Original fixed,Fixed bandwidth,0.15,0.0361445825096095,0.81479991403688,0.0168707682047452,0.8318293782081901,0.7718567076821136,-0.0170294641713101,0.0429432063547664,True,False,0.0661334113626014,9.5087369518021e-05,False,False,7.896243658933599e-12,-1.4615015421119537,,90260930
lognormal,2000,8,Original fixed,Exact reserve,0.1136787424882798,0.0361445825096095,0.7854637843008628,0.0336587675294085,0.7718567076821136,0.7718567076821136,0.0136070766187492,0.0136070766187492,True,True,0.1319423687152814,7.826745291650283e-06,False,False,,,,90260930
lognormal,2000,8,Monotone fixed,Fixed bandwidth,0.15,0.0361445825096095,0.8146799791230273,0.0166292813844764,0.8318293782081901,0.7718567076821136,-0.0171493990851628,0.0428232714409136,True,False,0.0651867830271477,9.448243764587085e-05,False,False,1.9156900066263916e-11,-1.4604559837615307,,90260930
lognormal,2000,8,Monotone fixed,Exact reserve,0.1136787424882798,0.0361445825096095,0.784874544201319,0.0329459896260454,0.7718567076821136,0.7718567076821136,0.0130178365192054,0.0130178365192054,True,True,0.1291482793340982,7.134208460435332e-06,False,False,,,,90260930
lognormal,2000,8,Original adaptive,Fixed bandwidth,0.15,0.3333333333333333,0.8237815500149634,0.0204688101436953,0.8318293782081901,0.7718567076821136,-0.0080478281932266,0.0519248423328498,True,False,0.0802377357632856,0.0001473976770334,False,False,-1.4672707493446068e-15,-1.472771819202663,,90260930
lognormal,2000,8,Original adaptive,Exact reserve,0.1136787424882798,0.25,0.7779696137267199,0.0408267695886837,0.7718567076821136,0.7718567076821136,0.0061129060446063,0.0061129060446063,True,True,0.1600409367876401,1.4986127840899144e-06,False,False,,,,90260930
lognormal,2000,8,Monotone adaptive,Fixed bandwidth,0.15,0.3333333333333333,0.8143910725318702,0.0164041402365212,0.8318293782081901,0.7718567076821136,-0.0174383056763199,0.0425343648497565,True,False,0.0643042297271633,9.303487148715206e-05,False,False,-2.4115362151633235e-11,-1.4315110496931638,,90260930
lognormal,2000,8,Monotone adaptive,Exact reserve,0.1136787424882798,0.3333333333333333,0.7769371393133354,0.0310933446006606,0.7718567076821136,0.7718567076821136,0.0050804316312218,0.0050804316312218,True,True,0.1218859108345897,1.027674713327542e-06,False,False,,,,90260930
lognormal,2000,8,Empirical DML,Fixed bandwidth,0.15,0.0,0.8146381963619309,0.016648863530281,0.8318293782081901,0.7718567076821136,-0.0171911818462592,0.0427814886798173,True,False,0.0652635450387018,9.42721658740986e-05,False,False,2.4364897655004823e-11,-1.4616360958137522,,90260930
lognormal,2000,8,Empirical DML,Exact reserve,0.1136787424882798,0.0,0.7851132566349152,0.0329898493667405,0.7718567076821136,0.7718567076821136,0.0132565489528015,0.0132565489528015,True,True,0.129320209517623,7.410576752464593e-06,False,False,,,,90260930
lognormal,2000,8,Smooth plug-in,Fixed bandwidth,0.15,0.0,0.814060176600777,0.0161383835004257,0.8318293782081901,0.7718567076821136,-0.0177692016074131,0.0422034689186634,True,False,0.0632624633216689,9.139359704923856e-05,False,False,-5.551115123125784e-16,-1.4263144024734276,,90260930
lognormal,2000,8,Smooth plug-in,Exact reserve,0.1136787424882798,0.0,0.7748554395984298,0.0327072292970553,0.7718567076821136,0.7718567076821136,0.0029987319163162,0.0029987319163162,True,True,0.1282123388444568,3.527613454679113e-07,False,False,,,,90260930
lognormal,2000,8,Lognormal MLE,Exact reserve,0.0,,0.764270856535303,0.006411772974875,0.7718567076821136,0.7718567076821136,-0.0075858511468105,-0.0075858511468105,True,True,0.0251341500615102,2.092565439149041e-06,False,False,1.7132561836857851e-06,,True,90260930
lognormal,2000,9,Original fixed,Fixed bandwidth,0.15,0.0361445825096095,0.81012320988178,0.0166917422833629,0.8318293782081901,0.7718567076821136,-0.0217061683264101,0.0382665021996664,True,False,0.0654316297507829,7.320714209635426e-05,False,False,-1.3855583347321954e-16,-1.3841595253144412,,90260930
lognormal,2000,9,Original fixed,Exact reserve,0.1136787424882798,0.0361445825096095,0.7636229295206419,0.0319466837327329,0.7718567076821136,0.7718567076821136,-0.0082337781614716,-0.0082337781614716,True,True,0.1252310002323131,2.453724452511352e-06,False,False,,,,90260930
lognormal,2000,9,Monotone fixed,Fixed bandwidth,0.15,0.0361445825096095,0.8102174471247408,0.0164889420231659,0.8318293782081901,0.7718567076821136,-0.0216119310834493,0.0383607394426271,True,False,0.0646366527308103,7.361406283434846e-05,False,False,-4.973799150320702e-17,-1.382868137333748,,90260930
lognormal,2000,9,Monotone fixed,Exact reserve,0.1136787424882798,0.0361445825096095,0.7633840616941822,0.0311150339110269,0.7718567076821136,0.7718567076821136,-0.0084726459879314,-0.0084726459879314,True,True,0.1219709329312256,2.593662304040123e-06,False,False,,,,90260930
lognormal,2000,9,Original adaptive,Fixed bandwidth,0.15,0.4166666666666667,0.8109165074479641,0.0178327069728545,0.8318293782081901,0.7718567076821136,-0.020912870760226,0.0390597997658505,True,False,0.0699042113335896,7.66761022001905e-05,False,False,4.689582056016661e-16,-1.4407214710448633,,90260930
lognormal,2000,9,Original adaptive,Exact reserve,0.1136787424882798,0.4166666666666667,0.7798852292966983,0.0365652632384604,0.7718567076821136,0.7718567076821136,0.0080285216145847,0.0080285216145847,True,True,0.1433358318947649,2.6201942515680088e-06,False,False,,,,90260930
lognormal,2000,9,Monotone adaptive,Fixed bandwidth,0.15,0.75,0.8112715168205946,0.0154547885310566,0.8318293782081901,0.7718567076821136,-0.0205578613875955,0.039414809138481,True,False,0.0605827710417421,7.826013348322114e-05,False,False,3.375077994860476e-16,-1.3743115834883033,,90260930
lognormal,2000,9,Monotone adaptive,Exact reserve,0.1136787424882798,0.6666666666666666,0.7654743113260365,0.0290955299283961,0.7718567076821136,0.7718567076821136,-0.006382396356077,-0.006382396356077,True,True,0.1140544773193127,1.4942247639204709e-06,False,False,,,,90260930
lognormal,2000,9,Empirical DML,Fixed bandwidth,0.15,0.0,0.8102048296279322,0.0165585896009597,0.8318293782081901,0.7718567076821136,-0.0216245485802579,0.0383481219458186,True,False,0.0649096712357621,7.355938729736167e-05,False,False,8.881784197001253e-17,-1.3845556013521685,,90260930
lognormal,2000,9,Empirical DML,Exact reserve,0.1136787424882798,0.0,0.7637930475671125,0.0314196123174561,0.7718567076821136,0.7718567076821136,-0.008063660115001,-0.008063660115001,True,True,0.123164880284428,2.356317718055223e-06,False,False,,,,90260930
lognormal,2000,9,Smooth plug-in,Fixed bandwidth,0.15,0.0,0.8130079365236631,0.0164171139731907,0.8318293782081901,0.7718567076821136,-0.018821441684527,0.0411512288415495,True,False,0.0643550867749077,8.62925970084305e-05,False,False,-1.7763568394002505e-15,-1.364718280350563,,90260930
lognormal,2000,9,Smooth plug-in,Exact reserve,0.1136787424882798,0.0,0.7638812907858721,0.0320610324285451,0.7718567076821136,0.7718567076821136,-0.0079754168962414,-0.0079754168962414,True,True,0.1256792471198969,2.306413343200475e-06,False,False,,,,90260930
lognormal,2000,9,Lognormal MLE,Exact reserve,0.0,,0.7608635230817778,0.0062724808060638,0.7718567076821136,0.7718567076821136,-0.0109931846003357,-0.0109931846003357,True,True,0.0245881247597703,4.2871910306274685e-06,False,False,1.8457375393632347e-05,,True,90260930
lognormal,2000,10,Original fixed,Fixed bandwidth,0.15,0.0361445825096095,0.855361224198174,0.0214087107553671,0.8318293782081901,0.7718567076821136,0.0235318459899838,0.0835045165160603,True,False,0.0839221461610392,0.0004641595081515,False,False,2.498001805406602e-19,-1.3077331862957426,,90260930
lognormal,2000,10,Original fixed,Exact reserve,0.1136787424882798,0.0361445825096095,0.8158233120984797,0.0374014056977163,0.7718567076821136,0.7718567076821136,0.0439666044163661,0.0439666044163661,True,True,0.1466135103350482,0.0001003457446357,False,False,,,,90260930
lognormal,2000,10,Monotone fixed,Fixed bandwidth,0.15,0.0361445825096095,0.8552148103507813,0.021110733959814,0.8318293782081901,0.7718567076821136,0.0233854321425911,0.0833581026686677,True,False,0.0827540771224712,0.000462125662036,False,False,-4.6629367034256567e-17,-1.3079152919048358,,90260930
lognormal,2000,10,Monotone fixed,Exact reserve,0.1136787424882798,0.0361445825096095,0.8156563122936342,0.0364625630734688,0.7718567076821136,0.7718567076821136,0.0437996046115206,0.0437996046115206,True,True,0.1429332472479978,9.947586192704529e-05,False,False,,,,90260930
lognormal,2000,10,Original adaptive,Fixed bandwidth,0.15,0.5833333333333334,0.8990632020847719,0.0307063876473331,0.8318293782081901,0.7718567076821136,0.0672338238765817,0.1272064944026583,False,False,0.1203690395775457,0.0013828991237794,False,False,-1.5104029138512942e-15,-1.380354936836235,,90260930
lognormal,2000,10,Original adaptive,Exact reserve,0.1136787424882798,0.5833333333333334,0.927035497820036,0.0587231340812162,0.7718567076821136,0.7718567076821136,0.1551787901379225,0.1551787901379225,False,False,0.2301946855983676,0.0023825936078543,False,False,,,,90260930
lognormal,2000,10,Monotone adaptive,Fixed bandwidth,0.15,0.6666666666666666,0.8563656520799735,0.021745706229281,0.8318293782081901,0.7718567076821136,0.0245362738717833,0.0845089443978599,True,False,0.0852431684187818,0.0004782713112161,False,False,1.2723155862204297e-15,-1.3276540016100125,,90260930
lognormal,2000,10,Monotone adaptive,Exact reserve,0.1136787424882798,0.6666666666666666,0.8208146203697444,0.0352827555343702,0.7718567076821136,0.7718567076821136,0.0489579126876308,0.0489579126876308,True,True,0.1383084016947313,0.0001285424707748,False,False,,,,90260930
lognormal,2000,10,Empirical DML,Fixed bandwidth,0.15,0.0,0.8552256972962314,0.0210718845539446,0.8318293782081901,0.7718567076821136,0.0233963190880412,0.0833689896141178,True,False,0.0826017874514631,0.000462276789676,False,False,1.4876988529977099e-16,-1.3071657276626705,,90260930
lognormal,2000,10,Empirical DML,Exact reserve,0.1136787424882798,0.0,0.8155007398169499,0.0364264100345622,0.7718567076821136,0.7718567076821136,0.0436440321348363,0.0436440321348363,True,True,0.1427915273354839,9.866942933611789e-05,False,False,,,,90260930
lognormal,2000,10,Smooth plug-in,Fixed bandwidth,0.15,0.0,0.8520012783866417,0.0195378657301853,0.8318293782081901,0.7718567076821136,0.0201719001784516,0.0801445707045281,True,False,0.0765884336623264,0.0004189689233422,False,False,2.997602166487923e-15,-1.3412194523398924,,90260930
lognormal,2000,10,Smooth plug-in,Exact reserve,0.1136787424882798,0.0,0.8165185325691198,0.0308206308727945,0.7718567076821136,0.7718567076821136,0.0446618248870062,0.0446618248870062,True,True,0.1208168730213546,0.0001040173449486,False,False,,,,90260930
lognormal,2000,10,Lognormal MLE,Exact reserve,0.0,,0.7838434457603224,0.0067237516447389,0.7718567076821136,0.7718567076821136,0.0119867380782088,0.0119867380782088,True,True,0.0263571064473768,6.005300095424104e-06,False,False,1.7087132597737312e-08,,True,90260930
weibull,500,1,Original fixed,Fixed bandwidth,0.15,0.1304349796924862,0.7880675274655727,0.0557767797571115,0.805297683375762,0.7631428283688878,-0.0172301559101892,0.0249246990966849,True,True,0.2186449766478771,9.460673676020548e-05,False,False,-4.618527782440651e-17,-0.5436003854588556,,20260930
weibull,500,1,Original fixed,Exact reserve,0.15,0.1304349796924862,0.750408127758961,0.0897215673388952,0.7631428283688878,0.7631428283688878,-0.0127347006099267,-0.0127347006099267,True,True,0.3517085439684694,2.205741376415382e-05,False,False,,,,20260930
weibull,500,1,Monotone fixed,Fixed bandwidth,0.15,0.1304349796924862,0.7878986451365464,0.0549617668860508,0.805297683375762,0.7631428283688878,-0.0173990382392156,0.0247558167676585,True,True,0.2154501261933193,9.328322894641694e-05,False,False,-7.105427357601002e-18,-0.5446522817270782,,20260930
weibull,500,1,Monotone fixed,Exact reserve,0.15,0.1304349796924862,0.7501092179081117,0.088150382886807,0.7631428283688878,0.7631428283688878,-0.0130336104607761,-0.0130336104607761,True,True,0.3455495009162838,2.308368822445672e-05,False,False,,,,20260930
weibull,500,1,Original adaptive,Fixed bandwidth,0.15,0.0,0.7869989952282257,0.0536207463657076,0.805297683375762,0.7631428283688878,-0.0182986881475363,0.0238561668593378,True,True,0.210193325753574,8.639995940762368e-05,False,False,-1.5987211554602254e-16,-0.5485254563293296,,20260930
weibull,500,1,Original adaptive,Exact reserve,0.15,0.0,0.7489225522943725,0.0856972897794172,0.7631428283688878,0.7631428283688878,-0.0142202760745152,-0.0142202760745152,True,True,0.3359333759353155,2.7377508092785163e-05,False,False,,,,20260930
weibull,500,1,Monotone adaptive,Fixed bandwidth,0.15,0.3333333333333333,0.8052824003943918,0.0562885859313508,0.805297683375762,0.7631428283688878,-1.5282981370212667e-05,0.042139572025504,True,True,0.2206512568508954,0.0002840848628962,False,False,2.0266348599307098e-12,-0.5997558231598887,,20260930
weibull,500,1,Monotone adaptive,Exact reserve,0.15,0.3333333333333333,0.781674368498104,0.0892130521170731,0.7631428283688878,0.7631428283688878,0.0185315401292162,0.0185315401292162,True,True,0.3497151642989268,5.1329987649229025e-05,False,False,,,,20260930
weibull,500,1,Empirical DML,Fixed bandwidth,0.15,0.0,0.7869989952282257,0.0536207463657076,0.805297683375762,0.7631428283688878,-0.0182986881475363,0.0238561668593378,True,True,0.210193325753574,8.639995940762368e-05,False,False,-1.5987211554602254e-16,-0.5485254563293296,,20260930
weibull,500,1,Empirical DML,Exact reserve,0.15,0.0,0.7489225522943725,0.0856972897794172,0.7631428283688878,0.7631428283688878,-0.0142202760745152,-0.0142202760745152,True,True,0.3359333759353155,2.7377508092785163e-05,False,False,,,,20260930
weibull,500,1,Smooth plug-in,Fixed bandwidth,0.15,0.0,0.7911650771507454,0.0529953683454206,0.805297683375762,0.7631428283688878,-0.0141326062250166,0.0280222487818575,True,True,0.2077418439140491,0.000120661127404,False,False,0.0,-0.5347757245222073,,20260930
weibull,500,1,Smooth plug-in,Exact reserve,0.15,0.0,0.7537326088147512,0.0847929064878257,0.7631428283688878,0.7631428283688878,-0.0094102195541365,-0.0094102195541365,True,True,0.3323881934322768,1.216844093154812e-05,False,False,,,,20260930
weibull,500,1,Lognormal MLE,Exact reserve,0.0,,0.660799009647293,0.012950815695284,0.7631428283688878,0.7631428283688878,-0.1023438187215948,-0.1023438187215948,False,False,0.0507671975255133,0.0010580948251179,False,False,1.4633587741563758e-07,,True,20260930
weibull,500,2,Original fixed,Fixed bandwidth,0.15,0.1304349796924862,0.8516265327569097,0.0410969801242338,0.805297683375762,0.7631428283688878,0.0463288493811476,0.0884837043880218,True,False,0.1611001620869966,0.0014198259436566,False,False,5.3290705182007515e-18,-0.9154216026635442,,20260930
weibull,500,2,Original fixed,Exact reserve,0.15,0.1304349796924862,0.838530647958939,0.05578529702914,0.7631428283688878,0.7631428283688878,0.0753878195900511,0.0753878195900511,True,True,0.218678364354229,0.000995851501389,False,False,,,,20260930
weibull,500,2,Monotone fixed,Fixed bandwidth,0.15,0.1304349796924862,0.8470830544631393,0.0397942874206139,0.805297683375762,0.7631428283688878,0.0417853710873772,0.0839402260942514,True,False,0.1559936066888065,0.0012627434436427,False,False,2.948752353404416e-16,-0.9159288413272736,,20260930
weibull,500,2,Monotone fixed,Exact reserve,0.15,0.1304349796924862,0.8317737903137059,0.0537665096934073,0.7631428283688878,0.7631428283688878,0.0686309619448181,0.0686309619448181,True,True,0.2107647179981568,0.0008105744355093,False,False,,,,20260930
weibull,500,2,Original adaptive,Fixed bandwidth,0.15,0.0,0.8472297175752357,0.039142821788356,0.805297683375762,0.7631428283688878,0.0419320341994736,0.0840868892063478,True,False,0.1534398614103558,0.0012676456054285,False,False,2.7267077484793844e-16,-0.922602629208482,,20260930
weibull,500,2,Original adaptive,Exact reserve,0.15,0.0,0.8320502986994575,0.052612175372606,0.7631428283688878,0.7631428283688878,0.0689074703305696,0.0689074703305696,True,True,0.2062397274606155,0.0008177265220294,False,False,,,,20260930
weibull,500,2,Monotone adaptive,Fixed bandwidth,0.15,0.0,0.8472297175752357,0.039142821788356,0.805297683375762,0.7631428283688878,0.0419320341994736,0.0840868892063478,True,False,0.1534398614103558,0.0012676456054285,False,False,2.7267077484793844e-16,-0.922602629208482,,20260930
weibull,500,2,Monotone adaptive,Exact reserve,0.15,0.0,0.8320502986994575,0.052612175372606,0.7631428283688878,0.7631428283688878,0.0689074703305696,0.0689074703305696,True,True,0.2062397274606155,0.0008177265220294,False,False,,,,20260930
weibull,500,2,Empirical DML,Fixed bandwidth,0.15,0.0,0.8472297175752357,0.039142821788356,0.805297683375762,0.7631428283688878,0.0419320341994736,0.0840868892063478,True,False,0.1534398614103558,0.0012676456054285,False,False,2.7267077484793844e-16,-0.922602629208482,,20260930
weibull,500,2,Empirical DML,Exact reserve,0.15,0.0,0.8320502986994575,0.052612175372606,0.7631428283688878,0.7631428283688878,0.0689074703305696,0.0689074703305696,True,True,0.2062397274606155,0.0008177265220294,False,False,,,,20260930
weibull,500,2,Smooth plug-in,Fixed bandwidth,0.15,0.0,0.842178946291364,0.0388437066553689,0.805297683375762,0.7631428283688878,0.036881262915602,0.0790361179224762,True,False,0.1522673300890464,0.0011051866115134,False,False,5.551115123125783e-17,-0.8832427572061374,,20260930
weibull,500,2,Smooth plug-in,Exact reserve,0.15,0.0,0.824550224227955,0.0525624888235154,0.7631428283688878,0.7631428283688878,0.0614073958590671,0.0614073958590671,True,True,0.2060449561881806,0.0006363625861696,False,False,,,,20260930
weibull,500,2,Lognormal MLE,Exact reserve,0.0,,0.6601406532016353,0.0141840920593179,0.7631428283688878,0.7631428283688878,-0.1030021751672525,-0.1030021751672525,False,False,0.0556016408725264,0.0010692568627954,False,False,7.719404629402682e-11,,True,20260930
weibull,500,3,Original fixed,Fixed bandwidth,0.15,0.1304349796924862,0.801542651155147,0.0391581117356098,0.805297683375762,0.7631428283688878,-0.003755032220615,0.0383998227862592,True,True,0.1534997980035906,0.0002334162378949,False,False,2.791544773117494e-15,-1.1181769346907044,,20260930
weibull,500,3,Original fixed,Exact reserve,0.15,0.1304349796924862,0.7671592179960828,0.0501700024841757,0.7631428283688878,0.7631428283688878,0.0040163896271949,0.0040163896271949,True,True,0.1966664097379688,2.309177484338676e-06,False,False,,,,20260930
weibull,500,3,Monotone fixed,Fixed bandwidth,0.15,0.1304349796924862,0.7994988709136287,0.0372559843420399,0.805297683375762,0.7631428283688878,-0.0057988124621333,0.0363560425447408,True,True,0.1460434586207965,0.000208018303851,False,False,-4.991562718714704e-16,-1.1318799627194218,,20260930
weibull,500,3,Monotone fixed,Exact reserve,0.15,0.1304349796924862,0.7652876775336542,0.0471380303810976,0.7631428283688878,0.7631428283688878,0.0021448491647664,0.0021448491647664,True,True,0.1847810790939027,6.548410491635792e-07,False,False,,,,20260930
weibull,500,3,Original adaptive,Fixed bandwidth,0.15,0.5,0.8623174896774549,0.0509726392657141,0.805297683375762,0.7631428283688878,0.0570198063016929,0.0991746613085671,True,True,0.1998127459215995,0.0018332295182521,False,False,8.381917382394023e-14,-1.1232136244371735,,20260930
weibull,500,3,Original adaptive,Exact reserve,0.15,0.5,0.851396705574434,0.0680002821481155,0.7631428283688878,0.7631428283688878,0.0882538772055462,0.0882538772055462,True,True,0.2665611060206128,0.0014116189702169,False,False,,,,20260930
weibull,500,3,Monotone adaptive,Fixed bandwidth,0.15,0.5,0.8149901680115994,0.0425565763474791,0.805297683375762,0.7631428283688878,0.0096924846358373,0.0518473396427116,True,True,0.1668217792821181,0.0004418835737192,False,False,6.745892733306391e-14,-1.1387614014203562,,20260930
weibull,500,3,Monotone adaptive,Exact reserve,0.15,0.5,0.7836181881921077,0.0547941343176393,0.7631428283688878,0.7631428283688878,0.0204753598232199,0.0204753598232199,True,True,0.2147930065251462,6.302134864033526e-05,False,False,,,,20260930
weibull,500,3,Empirical DML,Fixed bandwidth,0.15,0.0,0.7994326213771504,0.0366886639137815,0.805297683375762,0.7631428283688878,-0.0058650619986115,0.0362897930082626,True,True,0.1438195625420236,0.0002072217997424,False,False,-6.288303211476886e-16,-1.12760936177267,,20260930
weibull,500,3,Empirical DML,Exact reserve,0.15,0.0,0.7649116713168078,0.0462626818257704,0.7631428283688878,0.7631428283688878,0.00176884294792,0.00176884294792,True,True,0.1813497127570203,4.44878529570758e-07,False,False,,,,20260930
weibull,500,3,Smooth plug-in,Fixed bandwidth,0.15,0.0,0.7948664454609004,0.033961351702208,0.805297683375762,0.7631428283688878,-0.0104312379148616,0.0317236170920125,True,True,0.1331284986726557,0.0001562999384534,False,False,5.389966251101441e-12,-1.0984720125259415,,20260930
weibull,500,3,Smooth plug-in,Exact reserve,0.15,0.0,0.7595100828627682,0.0437883162290388,0.7631428283688878,0.7631428283688878,-0.0036327455061195,-0.0036327455061195,True,True,0.1716501996178321,1.8458066897153456e-06,False,False,,,,20260930
weibull,500,3,Lognormal MLE,Exact reserve,0.0,,0.6631968210905097,0.0137855017827901,0.7631428283688878,0.7631428283688878,-0.0999460072783781,-0.0999460072783781,False,False,0.0540391669885374,0.0010176791881868,False,False,1.471562435743229e-07,,True,20260930
weibull,500,4,Original fixed,Fixed bandwidth,0.15,0.1304349796924862,0.7872388708543854,0.0373634909121234,0.805297683375762,0.7631428283688878,-0.0180588125213766,0.0240960424854975,True,True,0.1464648843755238,8.82077740436138e-05,False,False,-1.3539515730798257e-11,-0.7903408240764541,,20260930
weibull,500,4,Original fixed,Exact reserve,0.15,0.1304349796924862,0.7716377366846517,0.0553874159116593,0.7631428283688878,0.7631428283688878,0.0084949083157639,0.0084949083157639,True,True,0.2171186703737044,1.0470014324193144e-05,False,False,,,,20260930
weibull,500,4,Monotone fixed,Fixed bandwidth,0.15,0.1304349796924862,0.7861986648782885,0.0361794239651618,0.805297683375762,0.7631428283688878,-0.0190990184974735,0.0230558365094006,True,True,0.1418233419434345,8.051213153414949e-05,False,False,1.598307841632618e-11,-0.7869424335752261,,20260930
weibull,500,4,Monotone fixed,Exact reserve,0.15,0.1304349796924862,0.7701455076487231,0.0534379090237779,0.7631428283688878,0.7631428283688878,0.0070026792798353,0.0070026792798353,True,True,0.2094766033732094,7.083014709863278e-06,False,False,,,,20260930
weibull,500,4,Original adaptive,Fixed bandwidth,0.15,0.3333333333333333,0.8263916130039303,0.0374111711338106,0.805297683375762,0.7631428283688878,0.0210939296281682,0.0632487846350424,True,True,0.1466517908445379,0.0006784883715711,False,False,5.6541527015951944e-12,-1.067237860477226,,20260930
weibull,500,4,Original adaptive,Exact reserve,0.15,0.3333333333333333,0.8372495710171911,0.0529170154321783,0.7631428283688878,0.7631428283688878,0.0741067426483033,0.0741067426483033,True,True,0.2074347004941391,0.0009590225219835,False,False,,,,20260930
weibull,500,4,Monotone adaptive,Fixed bandwidth,0.15,0.6666666666666666,0.7854466018821981,0.0344507758034209,0.805297683375762,0.7631428283688878,-0.0198510814935639,0.0223037735133102,True,True,0.1350470411494101,7.51801290239662e-05,False,False,1.5580430279271697e-12,-0.7993234088047774,,20260930
weibull,500,4,Monotone adaptive,Exact reserve,0.15,0.6666666666666666,0.7692757043747743,0.0507685368537116,0.7631428283688878,0.7631428283688878,0.0061328760058865,0.0061328760058865,True,True,0.1990126644665496,5.418586548344706e-06,False,False,,,,20260930
weibull,500,4,Empirical DML,Fixed bandwidth,0.15,0.0,0.7863870213007085,0.0361987395415664,0.805297683375762,0.7631428283688878,-0.0189106620750535,0.0232441929318206,True,True,0.1418990590029405,8.187791353320151e-05,False,False,1.9513854976338503e-11,-0.7877891905530898,,20260930
weibull,500,4,Empirical DML,Exact reserve,0.15,0.0,0.7702876790948564,0.0534184890039008,0.7631428283688878,0.7631428283688878,0.0071448507259685,0.0071448507259685,True,True,0.2094004768952914,7.376692163552079e-06,False,False,,,,20260930
weibull,500,4,Smooth plug-in,Fixed bandwidth,0.15,0.0,0.7851308412824861,0.0359875053387462,0.805297683375762,0.7631428283688878,-0.0201668420932759,0.0219880129135983,True,True,0.1410710209278851,7.299915550862401e-05,False,False,3.437805595751797e-13,-0.7888845380646381,,20260930
weibull,500,4,Smooth plug-in,Exact reserve,0.15,0.0,0.7682269484661655,0.0530937649344875,0.7631428283688878,0.7631428283688878,0.0050841200972776,0.0050841200972776,True,True,0.2081275585431911,3.712121516619149e-06,False,False,,,,20260930
weibull,500,4,Lognormal MLE,Exact reserve,0.0,,0.6465048926886449,0.012593154575632,0.7631428283688878,0.7631428283688878,-0.1166379356802429,-0.1166379356802429,False,False,0.0493651659364774,0.0013058916820549,False,False,1.0018691876112484e-08,,True,20260930
weibull,500,5,Original fixed,Fixed bandwidth,0.15,0.1304349796924862,0.7997023864575181,0.0352390427309123,0.805297683375762,0.7631428283688878,-0.0055952969182438,0.0365595580886303,True,True,0.1381370475051765,0.0002104757164933,False,False,2.0287060920054498e-11,-1.0860907356776428,,20260930
weibull,500,5,Original fixed,Exact reserve,0.15,0.1304349796924862,0.7694590613139718,0.0447066468980435,0.7631428283688878,0.7631428283688878,0.0063162329450839,0.0063162329450839,True,True,0.1752500558403308,5.750579433971836e-06,False,False,,,,20260930
weibull,500,5,Monotone fixed,Fixed bandwidth,0.15,0.1304349796924862,0.7983679462576073,0.0339724534915882,0.805297683375762,0.7631428283688878,-0.0069297371181547,0.0352251178887195,True,True,0.1331720176870258,0.0001946491915127,False,False,-2.0037305148434823e-15,-1.0694170381780352,,20260930
weibull,500,5,Monotone fixed,Exact reserve,0.15,0.1304349796924862,0.7668516887227295,0.042748745093799,0.7631428283688878,0.7631428283688878,0.0037088603538416,0.0037088603538416,True,True,0.1675750807676921,1.9673216262727777e-06,False,False,,,,20260930
weibull,500,5,Original adaptive,Fixed bandwidth,0.15,0.0833333333333333,0.8051242009636803,0.0348378331525446,0.805297683375762,0.7631428283688878,-0.0001734824120817,0.0419813725947925,True,True,0.1365643059579749,0.000281830103634,False,False,-6.306066779870889e-17,-1.1120537134233244,,20260930
weibull,500,5,Original adaptive,Exact reserve,0.15,0.0833333333333333,0.7745417521808856,0.0430703592747778,0.7631428283688878,0.7631428283688878,0.0113989238119978,0.0113989238119978,True,True,0.1688358083571291,1.901595180253679e-05,False,False,,,,20260930
weibull,500,5,Monotone adaptive,Fixed bandwidth,0.15,0.0,0.7992366143178341,0.0337480498126464,0.805297683375762,0.7631428283688878,-0.0060610690579279,0.0360937859489463,True,True,0.1322923552655739,0.0002048748902725,False,False,-4.574118861455645e-16,-1.0792438281283223,,20260930
weibull,500,5,Monotone adaptive,Exact reserve,0.15,0.0,0.7682411639863523,0.042350420653294,0.7631428283688878,0.7631428283688878,0.0050983356174645,0.0050983356174645,True,True,0.1660136489609127,3.733058953292456e-06,False,False,,,,20260930
weibull,500,5,Empirical DML,Fixed bandwidth,0.15,0.0,0.7992366143178341,0.0337480498126464,0.805297683375762,0.7631428283688878,-0.0060610690579279,0.0360937859489463,True,True,0.1322923552655739,0.0002048748902725,False,False,-4.574118861455645e-16,-1.0792438281283223,,20260930
weibull,500,5,Empirical DML,Exact reserve,0.15,0.0,0.7682411639863523,0.042350420653294,0.7631428283688878,0.7631428283688878,0.0050983356174645,0.0050983356174645,True,True,0.1660136489609127,3.733058953292456e-06,False,False,,,,20260930
weibull,500,5,Smooth plug-in,Fixed bandwidth,0.15,0.0,0.7921503016700765,0.0339263324237323,0.805297683375762,0.7631428283688878,-0.0131473817056855,0.0290074733011886,True,True,0.1329912231010307,0.0001296633214038,False,False,4.440892098500626e-16,-0.9824213780798564,,20260930
weibull,500,5,Smooth plug-in,Exact reserve,0.15,0.0,0.7555243483201612,0.0431927204084483,0.7631428283688878,0.7631428283688878,-0.0076184800487265,-0.0076184800487265,True,True,0.1693154640011175,8.019837048456324e-06,False,False,,,,20260930
weibull,500,5,Lognormal MLE,Exact reserve,0.0,,0.660305222712498,0.013597615853588,0.7631428283688878,0.7631428283688878,-0.1028376056563897,-0.1028376056563897,False,False,0.0533026541460651,0.0010664641140041,False,False,1.4091371491886664e-07,,True,20260930
weibull,500,6,Original fixed,Fixed bandwidth,0.15,0.1304349796924862,0.8186541068116521,0.0538648950095595,0.805297683375762,0.7631428283688878,0.01335642343589,0.0555112784427642,True,True,0.2111503884374735,0.0005116972249226,False,False,-4.8032688937382776e-15,-0.793292052257275,,20260930
weibull,500,6,Original fixed,Exact reserve,0.15,0.1304349796924862,0.7703463792403138,0.080594717308397,0.7631428283688878,0.7631428283688878,0.0072035508714259,0.0072035508714259,True,True,0.3159312918489165,7.499712096681321e-06,False,False,,,,20260930
weibull,500,6,Monotone fixed,Fixed bandwidth,0.15,0.1304349796924862,0.8217954854806326,0.0513270641230202,0.805297683375762,0.7631428283688878,0.0164978021048706,0.0586526571117448,True,True,0.2012020913622395,0.0005761977531217,False,False,3.641531520770513e-15,-0.7964519275102687,,20260930
weibull,500,6,Monotone fixed,Exact reserve,0.15,0.1304349796924862,0.7756935220506405,0.0763139659798078,0.7631428283688878,0.7631428283688878,0.0125506936817526,0.0125506936817526,True,True,0.2991507466408467,2.3131907138207453e-05,False,False,,,,20260930
weibull,500,6,Original adaptive,Fixed bandwidth,0.15,0.0,0.8208970580351931,0.0486511040778646,0.805297683375762,0.7631428283688878,0.015599374659431,0.0577542296663052,True,True,0.1907123279852293,0.0005573072677687,False,False,3.1974423109204507e-16,-0.8072248317268559,,20260930
weibull,500,6,Original adaptive,Exact reserve,0.15,0.0,0.7748524491330444,0.0715232468754825,0.7631428283688878,0.7631428283688878,0.0117096207641566,0.0117096207641566,True,True,0.2803711277518916,2.0085211138054504e-05,False,False,,,,20260930
weibull,500,6,Monotone adaptive,Fixed bandwidth,0.15,0.0,0.8208970580351931,0.0486511040778646,0.805297683375762,0.7631428283688878,0.015599374659431,0.0577542296663052,True,True,0.1907123279852293,0.0005573072677687,False,False,3.1974423109204507e-16,-0.8072248317268559,,20260930
weibull,500,6,Monotone adaptive,Exact reserve,0.15,0.0,0.7748524491330444,0.0715232468754825,0.7631428283688878,0.7631428283688878,0.0117096207641566,0.0117096207641566,True,True,0.2803711277518916,2.0085211138054504e-05,False,False,,,,20260930
weibull,500,6,Empirical DML,Fixed bandwidth,0.15,0.0,0.8208970580351931,0.0486511040778646,0.805297683375762,0.7631428283688878,0.015599374659431,0.0577542296663052,True,True,0.1907123279852293,0.0005573072677687,False,False,3.1974423109204507e-16,-0.8072248317268559,,20260930
weibull,500,6,Empirical DML,Exact reserve,0.15,0.0,0.7748524491330444,0.0715232468754825,0.7631428283688878,0.7631428283688878,0.0117096207641566,0.0117096207641566,True,True,0.2803711277518916,2.0085211138054504e-05,False,False,,,,20260930
weibull,500,6,Smooth plug-in,Fixed bandwidth,0.15,0.0,0.8252593368390203,0.0459573065663508,0.805297683375762,0.7631428283688878,0.0199616534632582,0.0621165084701325,True,True,0.1801526417400952,0.0006524026548604,False,False,-5.551115123125783e-17,-0.8384269114308784,,20260930
weibull,500,6,Smooth plug-in,Exact reserve,0.15,0.0,0.7820674860233291,0.0666695466156364,0.7631428283688878,0.7631428283688878,0.0189246576544412,0.0189246576544412,True,True,0.2613446227332948,5.3592713725736374e-05,False,False,,,,20260930
weibull,500,6,Lognormal MLE,Exact reserve,0.0,,0.6976432258514899,0.014470452651074,0.7631428283688878,0.7631428283688878,-0.0654996025173979,-0.0654996025173979,False,False,0.0567241743922101,0.0004921255390086,False,False,6.768790195010865e-08,,True,20260930
weibull,500,7,Original fixed,Fixed bandwidth,0.15,0.1304349796924862,0.7319026966764713,0.041485098260397,0.805297683375762,0.7631428283688878,-0.0733949866992906,-0.0312401316924164,True,True,0.1626215851807565,0.0001252411284708,False,False,1.1933565247090884e-14,-0.7873958148781846,,20260930
weibull,500,7,Original fixed,Exact reserve,0.15,0.1304349796924862,0.6457113555306389,0.0598058146445018,0.7631428283688878,0.7631428283688878,-0.1174314728382489,-0.1174314728382489,False,False,0.234438793406447,0.001319937570299,False,False,,,,20260930
weibull,500,7,Monotone fixed,Fixed bandwidth,0.15,0.1304349796924862,0.734544199819282,0.0404938048097555,0.805297683375762,0.7631428283688878,-0.07075348355648,-0.0285986285496058,True,True,0.1587357148542415,0.0001058430832918,False,False,-6.394884621840901e-16,-0.7799919235378815,,20260930
weibull,500,7,Monotone fixed,Exact reserve,0.15,0.1304349796924862,0.6501176932983828,0.0580566534823881,0.7631428283688878,0.7631428283688878,-0.113025135070505,-0.113025135070505,True,True,0.2275820816509614,0.0012422849031712,False,False,,,,20260930
weibull,500,7,Original adaptive,Fixed bandwidth,0.15,0.6666666666666666,0.8708633610227011,0.0712836603780427,0.805297683375762,0.7631428283688878,0.0655656776469391,0.1077205326538133,True,True,0.2794319486819273,0.0022098189470685,False,False,5.186961971048731e-16,-0.7888314208306113,,20260930
weibull,500,7,Original adaptive,Exact reserve,0.15,0.6666666666666666,0.881592196826736,0.1056982437748906,0.7631428283688878,0.7631428283688878,0.1184493684578481,0.1184493684578481,True,True,0.4143371155975715,0.0027437193056765,False,False,,,,20260930
weibull,500,7,Monotone adaptive,Fixed bandwidth,0.15,0.3333333333333333,0.7401090893021924,0.0487637939408829,0.805297683375762,0.7631428283688878,-0.0651885940735695,-0.0230337390666953,True,True,0.1911540722482609,6.987835580885005e-05,False,False,0.0,-0.6852905823762256,,20260930
weibull,500,7,Monotone adaptive,Exact reserve,0.15,0.3333333333333333,0.6549921710034277,0.0732856375741142,0.7631428283688878,0.7631428283688878,-0.1081506573654601,-0.1081506573654601,True,True,0.2872796992905277,0.0011574494646318,False,False,,,,20260930
weibull,500,7,Empirical DML,Fixed bandwidth,0.15,0.0,0.7349698736621266,0.0392286142710715,0.805297683375762,0.7631428283688878,-0.0703278097136353,-0.0281729547067611,True,True,0.1537761679426005,0.00010285464515,False,False,3.618225719037582e-13,-0.7851183727523471,,20260930
weibull,500,7,Empirical DML,Exact reserve,0.15,0.0,0.6518511679082167,0.0555654139688767,0.7631428283688878,0.7631428283688878,-0.111291660460671,-0.111291660460671,False,False,0.2178164227579967,0.0012119784528668,False,False,,,,20260930
weibull,500,7,Smooth plug-in,Fixed bandwidth,0.15,0.0,0.7421623433893202,0.0396940167741377,0.805297683375762,0.7631428283688878,-0.0631353399864418,-0.0209804849795676,True,True,0.1556005457546199,5.835085261196582e-05,False,False,1.6042722705833512e-14,-0.7398964768534633,,20260930
weibull,500,7,Smooth plug-in,Exact reserve,0.15,0.0,0.6601830943544841,0.0572159088695838,0.7631428283688878,0.7631428283688878,-0.1029597340144037,-0.1029597340144037,True,True,0.2242863627687686,0.0010685364720843,False,False,,,,20260930
weibull,500,7,Lognormal MLE,Exact reserve,0.0,,0.6664008324285938,0.0130316222855282,0.7631428283688878,0.7631428283688878,-0.0967419959402939,-0.0967419959402939,False,False,0.0510839593592708,0.0009642885783753,False,False,1.7525796369710631e-09,,True,20260930
weibull,500,8,Original fixed,Fixed bandwidth,0.15,0.1304349796924862,0.7862660368098555,0.0406236275306497,0.805297683375762,0.7631428283688878,-0.0190316465659065,0.0231232084409677,True,True,0.159244619920147,8.09992235024648e-05,False,False,9.155454172571353e-16,-0.9840743001181766,,20260930
weibull,500,8,Original fixed,Exact reserve,0.15,0.1304349796924862,0.7459372311043908,0.0584888957918346,0.7631428283688878,0.7631428283688878,-0.0172055972644969,-0.0172055972644969,True,True,0.2292764715039916,3.9708537204363736e-05,False,False,,,,20260930
weibull,500,8,Monotone fixed,Fixed bandwidth,0.15,0.1304349796924862,0.7850580048784805,0.0391845241521721,0.805297683375762,0.7631428283688878,-0.0202396784972814,0.0219151765095927,True,True,0.1536033346765149,7.250093640931432e-05,False,False,1.3700152123874432e-16,-0.984125280124274,,20260930
weibull,500,8,Monotone fixed,Exact reserve,0.15,0.1304349796924862,0.7441239809703784,0.0559810435574539,0.7631428283688878,0.7631428283688878,-0.0190188473985094,-0.0190188473985094,True,True,0.2194456907452194,4.824510235978963e-05,False,False,,,,20260930
weibull,500,8,Original adaptive,Fixed bandwidth,0.15,0.25,0.8002336562243165,0.0455512442631755,0.805297683375762,0.7631428283688878,-0.0050640271514454,0.0370908278554287,True,True,0.1785608775116482,0.0002169651659063,False,False,-4.618527782440651e-17,-0.9900062985576732,,20260930
weibull,500,8,Original adaptive,Exact reserve,0.15,0.25,0.7678663251293294,0.0663276412432529,0.7631428283688878,0.7631428283688878,0.0047234967604415,0.0047234967604415,True,True,0.2600043536735517,3.2007187422689043e-06,False,False,,,,20260930
weibull,500,8,Monotone adaptive,Fixed bandwidth,0.15,0.8333333333333334,0.7863058066346275,0.0421129376125469,0.805297683375762,0.7631428283688878,-0.0189918767411345,0.0231629782657396,True,True,0.1650827154411841,8.12875062075058e-05,False,False,8.938960682769449e-16,-0.960925369061978,,20260930
weibull,500,8,Monotone adaptive,Exact reserve,0.15,0.8333333333333334,0.7460002423874507,0.061225800324792,0.7631428283688878,0.7631428283688878,-0.0171425859814371,-0.0171425859814371,True,True,0.2400051372731847,3.9425947240712134e-05,False,False,,,,20260930
weibull,500,8,Empirical DML,Fixed bandwidth,0.15,0.0,0.7851638695611759,0.0388047770009673,0.805297683375762,0.7631428283688878,-0.0201338138145861,0.022021041192288,True,True,0.1521147258437918,7.322569121503975e-05,False,False,1.5765166949677218e-17,-0.9863729116605058,,20260930
weibull,500,8,Empirical DML,Exact reserve,0.15,0.0,0.7442521971475966,0.0552977116265987,0.7631428283688878,0.7631428283688878,-0.0188906312212912,-0.0188906312212912,True,True,0.216767029576267,4.761586836332654e-05,False,False,,,,20260930
weibull,500,8,Smooth plug-in,Fixed bandwidth,0.15,0.0,0.7800584552485428,0.0375229327306383,0.805297683375762,0.7631428283688878,-0.0252392281272192,0.0169156268796549,True,True,0.1470898963041023,4.256564589844025e-05,False,False,6.054323709037135e-12,-0.961044110679432,,20260930
weibull,500,8,Smooth plug-in,Exact reserve,0.15,0.0,0.7370462743685576,0.0536289272732411,0.7631428283688878,0.7631428283688878,-0.0260965540003301,-0.0260965540003301,True,True,0.2102253949111052,8.88346839846843e-05,False,False,,,,20260930
weibull,500,8,Lognormal MLE,Exact reserve,0.0,,0.6761638960430981,0.0138959371623348,0.7631428283688878,0.7631428283688878,-0.0869789323257896,-0.0869789323257896,False,False,0.0544720736763527,0.0008064826452227,False,False,2.3389760722691835e-07,,True,20260930
weibull,500,9,Original fixed,Fixed bandwidth,0.15,0.1304349796924862,0.8323059243839993,0.0406336707982948,0.805297683375762,0.7631428283688878,0.0270082410082372,0.0691630960151115,True,True,0.1592839895293157,0.0008243706402637,False,False,1.211475364470971e-15,-1.0379345235692838,,20260930
weibull,500,9,Original fixed,Exact reserve,0.15,0.1304349796924862,0.816130686147283,0.05611209378431,0.7631428283688878,0.7631428283688878,0.0529878577783952,0.0529878577783952,True,True,0.2199594076344955,0.0004629979162571,False,False,,,,20260930
weibull,500,9,Monotone fixed,Fixed bandwidth,0.15,0.1304349796924862,0.828918044077537,0.0388258301126719,0.805297683375762,0.7631428283688878,0.0236203607017749,0.0657752157086491,True,True,0.1521972540416738,0.0007388129333214,False,False,-5.027089855502708e-16,-1.040180835617539,,20260930
weibull,500,9,Monotone fixed,Exact reserve,0.15,0.1304349796924862,0.8113625265700507,0.0532232714743189,0.7631428283688878,0.7631428283688878,0.0482196982011629,0.0482196982011629,True,True,0.2086352241793302,0.0003783756775739,False,False,,,,20260930
weibull,500,9,Original adaptive,Fixed bandwidth,0.15,0.0833333333333333,0.8255430014468985,0.0388211225018619,0.805297683375762,0.7631428283688878,0.0202453180711364,0.0624001730780107,True,True,0.1521788002072988,0.0006588829881433,False,False,-2.842170943040401e-17,-1.0312959621249094,,20260930
weibull,500,9,Original adaptive,Exact reserve,0.15,0.0833333333333333,0.8063814482828082,0.0533100550290377,0.7631428283688878,0.7631428283688878,0.0432386199139204,0.0432386199139204,True,True,0.208975415713828,0.0003000241879957,False,False,,,,20260930
weibull,500,9,Monotone adaptive,Fixed bandwidth,0.15,0.1666666666666666,0.8219210745118917,0.0395068595806616,0.805297683375762,0.7631428283688878,0.0166233911361296,0.0587782461430038,True,True,0.1548668895561937,0.0005788669399555,False,False,9.308109838457313e-16,-1.0316426324207126,,20260930
weibull,500,9,Monotone adaptive,Exact reserve,0.15,0.1666666666666666,0.7964373563879323,0.0549145942980103,0.7631428283688878,0.7631428283688878,0.0332945280190445,0.0332945280190445,True,True,0.2152652096482006,0.0001729402100805,False,False,,,,20260930
weibull,500,9,Empirical DML,Fixed bandwidth,0.15,0.0,0.8301084246374454,0.0384860885421659,0.805297683375762,0.7631428283688878,0.0248107412616833,0.0669655962685575,True,True,0.1508654670852903,0.0007682613154746,False,False,-9.414691248821327e-17,-1.036619186702978,,20260930
weibull,500,9,Empirical DML,Exact reserve,0.15,0.0,0.8128120566390398,0.052656243159256,0.7631428283688878,0.7631428283688878,0.0496692282701519,0.0496692282701519,True,True,0.2064124731842837,0.0004030907964196,False,False,,,,20260930
weibull,500,9,Smooth plug-in,Fixed bandwidth,0.15,0.0,0.8214257084780243,0.0369883184324467,0.805297683375762,0.7631428283688878,0.0161280251022623,0.0582828801091365,True,True,0.1449942082551913,0.000568379463014,False,False,3.3306690738754696e-16,-1.002522262818217,,20260930
weibull,500,9,Smooth plug-in,Exact reserve,0.15,0.0,0.8004222878731745,0.0506830040294736,0.7631428283688878,0.7631428283688878,0.0372794595042866,0.0372794595042866,True,True,0.1986773757955368,0.0002192952011597,False,False,,,,20260930
weibull,500,9,Lognormal MLE,Exact reserve,0.0,,0.673574816028406,0.0135633374597811,0.7631428283688878,0.7631428283688878,-0.0895680123404818,-0.0895680123404818,False,False,0.0531682828423421,0.0008475591058241,False,False,7.949338964863272e-10,,True,20260930
weibull,500,10,Original fixed,Fixed bandwidth,0.15,0.1304349796924862,0.7435976419013205,0.0398909501996526,0.805297683375762,0.7631428283688878,-0.0617000414744415,-0.0195451864675673,True,True,0.1563725247826385,5.0868536728421176e-05,False,False,-9.599432360118952e-15,-0.8441428965067209,,20260930
weibull,500,10,Original fixed,Exact reserve,0.15,0.1304349796924862,0.676352897786391,0.0596673842678451,0.7631428283688878,0.7631428283688878,-0.0867899305824968,-0.0867899305824968,True,True,0.2338961463299529,0.0008035074482513,False,False,,,,20260930
weibull,500,10,Monotone fixed,Fixed bandwidth,0.15,0.1304349796924862,0.7418203478480533,0.0382756132806187,0.805297683375762,0.7631428283688878,-0.0634773355277087,-0.0213224805208345,True,True,0.1500404040600254,6.0204000800645474e-05,False,False,8.476774837617996e-15,-0.8508644971023037,,20260930
weibull,500,10,Monotone fixed,Exact reserve,0.15,0.1304349796924862,0.6737960760031034,0.0566626976196583,0.7631428283688878,0.7631428283688878,-0.0893467523657843,-0.0893467523657843,True,True,0.2221177746690605,0.0008440258167956,False,False,,,,20260930
weibull,500,10,Original adaptive,Fixed bandwidth,0.15,0.0833333333333333,0.7485719823051172,0.0407691558761742,0.805297683375762,0.7631428283688878,-0.0567257010706447,-0.0145708460637705,True,True,0.159815091034603,2.8712743830761056e-05,False,False,-7.510436716984259e-15,-0.8365530330644512,,20260930
weibull,500,10,Original adaptive,Exact reserve,0.15,0.0833333333333333,0.6874063067366537,0.0612713963449682,0.7631428283688878,0.7631428283688878,-0.0757365216322341,-0.0757365216322341,True,True,0.2401838736722756,0.0006355659265975,False,False,,,,20260930
weibull,500,10,Monotone adaptive,Fixed bandwidth,0.15,0.3333333333333333,0.7430788820320104,0.0375166203442202,0.805297683375762,0.7631428283688878,-0.0622188013437515,-0.0200639463368773,True,True,0.1470651517493432,5.351759443716908e-05,False,False,-1.6687096149325953e-14,-0.8749026620038335,,20260930
weibull,500,10,Monotone adaptive,Exact reserve,0.15,0.3333333333333333,0.6768241242264399,0.0551781472819804,0.7631428283688878,0.7631428283688878,-0.0863187041424479,-0.0863187041424479,True,True,0.2162983373453634,0.0007961037611525,False,False,,,,20260930
weibull,500,10,Empirical DML,Fixed bandwidth,0.15,0.0,0.742681415256651,0.037838508174915,0.805297683375762,0.7631428283688878,-0.062616268119111,-0.0204614131122368,True,True,0.1483269520456668,5.558969185237572e-05,False,False,-1.77280412572145e-14,-0.8543700663699737,,20260930
weibull,500,10,Empirical DML,Exact reserve,0.15,0.0,0.6756251726397212,0.0557312205886543,0.7631428283688878,0.7631428283688878,-0.0875176557291665,-0.0875176557291665,True,True,0.2184663847075248,0.0008149806896986,False,False,,,,20260930
weibull,500,10,Smooth plug-in,Fixed bandwidth,0.15,0.0,0.7421552534668476,0.0376824392420067,0.805297683375762,0.7631428283688878,-0.0631424299089143,-0.0209875749020401,True,True,0.1477151618286662,5.8388978849910345e-05,False,False,1.454392162258955e-14,-0.8332041720254812,,20260930
weibull,500,10,Smooth plug-in,Exact reserve,0.15,0.0,0.6718634463809591,0.0555452570527536,0.7631428283688878,0.7631428283688878,-0.0912793819879287,-0.0912793819879287,True,True,0.2177374076467942,0.0008750282775844,False,False,,,,20260930
weibull,500,10,Lognormal MLE,Exact reserve,0.0,,0.6691504393301264,0.012975707630358,0.7631428283688878,0.7631428283688878,-0.0939923890387613,-0.0939923890387613,False,False,0.0508647739110036,0.0009190682588751,False,False,6.740790832182597e-07,,True,20260930
weibull,2000,1,Original fixed,Fixed bandwidth,0.15,0.0361445825096095,0.8132051055737182,0.0206824776023089,0.805297683375762,0.7631428283688878,0.0079074221979561,0.0500622772048303,True,False,0.0810753122010509,0.0004099435560955,False,False,-1.2541314653446988e-11,-0.7922002801975702,,20260930
weibull,2000,1,Original fixed,Exact reserve,0.1136787424882798,0.0361445825096095,0.7804256957466322,0.0565843758161392,0.7631428283688878,0.7631428283688878,0.0172828673777444,0.0172828673777444,True,True,0.2218107531992659,4.4482002229617734e-05,False,False,,,,20260930
weibull,2000,1,Monotone fixed,Fixed bandwidth,0.15,0.0361445825096095,0.8133051652532345,0.020719217790354,0.805297683375762,0.7631428283688878,0.0080074818774724,0.0501623368843466,True,False,0.0812193337381878,0.0004116984385837,False,False,-1.1787725462397703e-11,-0.7918450288832624,,20260930
weibull,2000,1,Monotone fixed,Exact reserve,0.1136787424882798,0.0361445825096095,0.7805623441446568,0.0566424497950432,0.7631428283688878,0.7631428283688878,0.0174195157757689,0.0174195157757689,True,True,0.2220384031965695,4.5206372312645016e-05,False,False,,,,20260930
weibull,2000,1,Original adaptive,Fixed bandwidth,0.15,0.1666666666666666,0.8143470390404,0.0215455597739801,0.805297683375762,0.7631428283688878,0.0090493556646379,0.0512042106715121,True,False,0.0844585943140022,0.0004302210781015,False,False,-4.004044207306379e-12,-0.7879631409080233,,20260930
weibull,2000,1,Original adaptive,Exact reserve,0.1136787424882798,0.1666666666666666,0.780809316535389,0.0604225374566487,0.7631428283688878,0.7631428283688878,0.0176664881665011,0.0176664881665011,True,True,0.2368563468300629,4.653115134334307e-05,False,False,,,,20260930
weibull,2000,1,Monotone adaptive,Fixed bandwidth,0.15,0.3333333333333333,0.8144482293424733,0.0219548460706505,0.805297683375762,0.7631428283688878,0.0091505459667112,0.0513054009735854,True,False,0.0860629965969502,0.0004320445270293,False,False,-2.134893151151118e-12,-0.7903658931720513,,20260930
weibull,2000,1,Monotone adaptive,Exact reserve,0.1136787424882798,0.4166666666666667,0.7953683907568392,0.065177524251003,0.7631428283688878,0.7631428283688878,0.0322255623879513,0.0322255623879513,True,True,0.2554958950639318,0.0001615177013805,False,False,,,,20260930
weibull,2000,1,Empirical DML,Fixed bandwidth,0.15,0.0,0.8131894478716528,0.0205616275509369,0.805297683375762,0.7631428283688878,0.0078917644958907,0.050046619502765,True,False,0.080601579999673,0.0004096693626265,False,False,-1.2300319873759236e-11,-0.7918922885665179,,20260930
weibull,2000,1,Empirical DML,Exact reserve,0.1136787424882798,0.0,0.7803921081944152,0.0560662897415306,0.7631428283688878,0.7631428283688878,0.0172492798255273,0.0172492798255273,True,True,0.2197798557868002,4.4304857938382014e-05,False,False,,,,20260930
weibull,2000,1,Smooth plug-in,Fixed bandwidth,0.15,0.0,0.8126192277994988,0.0205685123973386,0.805297683375762,0.7631428283688878,0.0073215444237367,0.0494763994306109,True,False,0.0806285685975673,0.0003997525366095,False,False,-1.2033318785853451e-11,-0.7787941946649224,,20260930
weibull,2000,1,Smooth plug-in,Exact reserve,0.1136787424882798,0.0,0.7784339460245486,0.0581948894207179,0.7631428283688878,0.7631428283688878,0.0152911176556608,0.0152911176556608,True,True,0.2281239665292142,3.461623982192741e-05,False,False,,,,20260930
weibull,2000,1,Lognormal MLE,Exact reserve,0.0,,0.6645887505276511,0.006728030351897,0.7631428283688878,0.7631428283688878,-0.0985540778412367,-0.0985540778412367,False,False,0.0263738789794363,0.0009943956184357,False,False,5.20939210657545e-07,,True,20260930
weibull,2000,2,Original fixed,Fixed bandwidth,0.15,0.0361445825096095,0.7978168957005785,0.0168944726290672,0.805297683375762,0.7631428283688878,-0.0074807876751835,0.0346740673316906,True,False,0.0662263327059437,0.0001883101980622,False,False,-2.775557561562891e-16,-1.0632639913244124,,20260930
weibull,2000,2,Original fixed,Exact reserve,0.1136787424882798,0.0361445825096095,0.7889592489833656,0.0298548519984014,0.7631428283688878,0.7631428283688878,0.0258164206144777,0.0258164206144777,True,True,0.1170310198337337,0.0001017604271889,False,False,,,,20260930
weibull,2000,2,Monotone fixed,Fixed bandwidth,0.15,0.0361445825096095,0.7979512795363399,0.0166805247268292,0.805297683375762,0.7631428283688878,-0.007346403839422,0.0348084511674521,True,False,0.0653876569291708,0.0001898454982369,False,False,-1.4832579608992092e-16,-1.064557864399258,,20260930
weibull,2000,2,Monotone fixed,Exact reserve,0.1136787424882798,0.0361445825096095,0.7891883916891124,0.0292655252858688,0.7631428283688878,0.7631428283688878,0.0260455633202245,0.0260455633202245,True,True,0.1147208591206059,0.0001036437488839,False,False,,,,20260930
weibull,2000,2,Original adaptive,Fixed bandwidth,0.15,0.0,0.7978967514622181,0.0166304888374741,0.805297683375762,0.7631428283688878,-0.0074009319135439,0.0347539230933302,True,False,0.0651915162428987,0.0001892217380756,False,False,-2.233768725545815e-16,-1.0635692226165894,,20260930
weibull,2000,2,Original adaptive,Exact reserve,0.1136787424882798,0.0,0.7890532041941758,0.0291803522168609,0.7631428283688878,0.7631428283688878,0.0259103758252879,0.0259103758252879,True,True,0.114386980690095,0.0001025303501873,False,False,,,,20260930
weibull,2000,2,Monotone adaptive,Fixed bandwidth,0.15,0.4166666666666667,0.8060128435685069,0.0184781839275425,0.805297683375762,0.7631428283688878,0.0007151601927448,0.042870015199619,True,False,0.0724344809959666,0.0002946247018222,False,False,-3.552713678800501e-17,-1.1354622193326236,,20260930
weibull,2000,2,Monotone adaptive,Exact reserve,0.1136787424882798,0.3333333333333333,0.8099002375671496,0.029489225662499,0.7631428283688878,0.7631428283688878,0.0467574091982617,0.0467574091982617,True,True,0.1155977645969963,0.0003543244890129,False,False,,,,20260930
weibull,2000,2,Empirical DML,Fixed bandwidth,0.15,0.0,0.7978967514622181,0.0166304888374741,0.805297683375762,0.7631428283688878,-0.0074009319135439,0.0347539230933302,True,False,0.0651915162428987,0.0001892217380756,False,False,-2.233768725545815e-16,-1.0635692226165894,,20260930
weibull,2000,2,Empirical DML,Exact reserve,0.1136787424882798,0.0,0.7890532041941758,0.0291803522168609,0.7631428283688878,0.7631428283688878,0.0259103758252879,0.0259103758252879,True,True,0.114386980690095,0.0001025303501873,False,False,,,,20260930
weibull,2000,2,Smooth plug-in,Fixed bandwidth,0.15,0.0,0.7986423345809793,0.0165810050988167,0.805297683375762,0.7631428283688878,-0.0066553487947826,0.0354995062120915,True,False,0.0649975399873615,0.0001978483034281,False,False,-9.61170032454106e-12,-1.059761777239543,,20260930
weibull,2000,2,Smooth plug-in,Exact reserve,0.1136787424882798,0.0,0.7892551245489897,0.0288689376110581,0.7631428283688878,0.7631428283688878,0.0261122961801019,0.0261122961801019,True,True,0.1131662354353478,0.0001041956333971,False,False,,,,20260930
weibull,2000,2,Lognormal MLE,Exact reserve,0.0,,0.6718397101894124,0.0068798910188673,0.7631428283688878,0.7631428283688878,-0.0913031181794754,-0.0913031181794754,False,False,0.0269691727939599,0.0008754109993232,False,False,9.153057254351892e-07,,True,20260930
weibull,2000,3,Original fixed,Fixed bandwidth,0.15,0.0361445825096095,0.7757685401885601,0.0162092297179657,0.805297683375762,0.7631428283688878,-0.0295291431872019,0.0126257118196723,True,True,0.0635401804944258,2.341449943932261e-05,False,False,1.0125233984581428e-16,-1.1312368741478318,,20260930
weibull,2000,3,Original fixed,Exact reserve,0.1136787424882798,0.0361445825096095,0.7502892845648248,0.0299975973358515,0.7631428283688878,0.7631428283688878,-0.012853543804063,-0.012853543804063,True,True,0.117590581556538,2.2462768264785993e-05,False,False,,,,20260930
weibull,2000,3,Monotone fixed,Fixed bandwidth,0.15,0.0361445825096095,0.7757031242210808,0.0160639616891283,0.805297683375762,0.7631428283688878,-0.0295945591546812,0.0125602958521929,True,True,0.0629707298213833,2.316797767365486e-05,False,False,-1.1990408665951691e-16,-1.1301694419864905,,20260930
weibull,2000,3,Monotone fixed,Exact reserve,0.1136787424882798,0.0361445825096095,0.7499698308330962,0.029566906920937,0.7631428283688878,0.7631428283688878,-0.0131729975357915,-0.0131729975357915,True,True,0.1159022751300732,2.3569874796347538e-05,False,False,,,,20260930
weibull,2000,3,Original adaptive,Fixed bandwidth,0.15,0.0833333333333333,0.7748036590809199,0.0165695542753926,0.805297683375762,0.7631428283688878,-0.0304940242948421,0.011660830712032,True,True,0.064952652759539,1.991529454081764e-05,False,False,2.778546281945182e-12,-1.1398168859722049,,20260930
weibull,2000,3,Original adaptive,Exact reserve,0.1136787424882798,0.0,0.7510057173828425,0.029249894262726,0.7631428283688878,0.7631428283688878,-0.0121371109860453,-0.0121371109860453,True,True,0.1146595855098862,2.0072948182958683e-05,False,False,,,,20260930
weibull,2000,3,Monotone adaptive,Fixed bandwidth,0.15,0.3333333333333333,0.7748265278484325,0.0166937212294763,0.805297683375762,0.7631428283688878,-0.0304711555273294,0.0116836994795447,True,True,0.0654393872195474,1.9994884675966773e-05,False,False,2.214256333843423e-12,-1.1412678000813692,,20260930
weibull,2000,3,Monotone adaptive,Exact reserve,0.1136787424882798,0.3333333333333333,0.7499723304987019,0.0308557459353472,0.7631428283688878,0.7631428283688878,-0.0131704978701858,-0.0131704978701858,True,True,0.1209545240665611,2.356111890722268e-05,False,False,,,,20260930
weibull,2000,3,Empirical DML,Fixed bandwidth,0.15,0.0,0.7758117496952577,0.0160342095672511,0.805297683375762,0.7631428283688878,-0.0294859336805043,0.0126689213263698,True,True,0.0628541015036244,2.357805267338975e-05,False,False,9.50350909079134e-17,-1.1293255377609013,,20260930
weibull,2000,3,Empirical DML,Exact reserve,0.1136787424882798,0.0,0.7500058121570395,0.0295376156742584,0.7631428283688878,0.7631428283688878,-0.0131370162118482,-0.0131370162118482,True,True,0.1157874534430932,2.344388977038037e-05,False,False,,,,20260930
weibull,2000,3,Smooth plug-in,Fixed bandwidth,0.15,0.0,0.7745276827798493,0.0158467724874314,0.805297683375762,0.7631428283688878,-0.0307700005959127,0.0113848544109614,True,True,0.0621193481507312,1.8968200749647224e-05,False,False,1.5653423002248698e-11,-1.1371786728170408,,20260930
weibull,2000,3,Smooth plug-in,Exact reserve,0.1136787424882798,0.0,0.7491961795048234,0.0281668898470059,0.7631428283688878,0.7631428283688878,-0.0139466488640643,-0.0139466488640643,True,True,0.1104142082002632,2.6356388673320907e-05,False,False,,,,20260930
weibull,2000,3,Lognormal MLE,Exact reserve,0.0,,0.6715241793480562,0.0065792216523356,0.7631428283688878,0.7631428283688878,-0.0916186490208316,-0.0916186490208316,False,False,0.0257905488771557,0.0008805029400122,False,False,1.2913589516272417e-05,,True,20260930
weibull,2000,4,Original fixed,Fixed bandwidth,0.15,0.0361445825096095,0.8076594937180956,0.0174345763170451,0.805297683375762,0.7631428283688878,0.0023618103423336,0.0445166653492078,True,False,0.0683435391628169,0.0003191672293754,False,False,-3.83248988100604e-16,-1.100218464619431,,20260930
weibull,2000,4,Original fixed,Exact reserve,0.1136787424882798,0.0361445825096095,0.7924772494229715,0.0279559005606277,0.7631428283688878,0.7631428283688878,0.0293344210540836,0.0293344210540836,True,True,0.1095871301976609,0.0001327278365008,False,False,,,,20260930
weibull,2000,4,Monotone fixed,Fixed bandwidth,0.15,0.0361445825096095,0.8075961677012874,0.01732606723383,0.805297683375762,0.7631428283688878,0.0022984843255253,0.0444533393323995,True,False,0.0679181835566139,0.0003182032366135,False,False,-3.6948222259525213e-16,-1.0992332148251591,,20260930
weibull,2000,4,Monotone fixed,Exact reserve,0.1136787424882798,0.0361445825096095,0.7922714939930731,0.0276919716849952,0.7631428283688878,0.7631428283688878,0.0291286656241852,0.0291286656241852,True,True,0.1085525290051814,0.0001307947747359,False,False,,,,20260930
weibull,2000,4,Original adaptive,Fixed bandwidth,0.15,0.1666666666666666,0.8063279269434033,0.0179424686628361,0.805297683375762,0.7631428283688878,0.0010302435676412,0.0431850985745154,True,False,0.0703344771583178,0.0002992367995005,False,False,3.2862601528904626e-17,-1.106109275640068,,20260930
weibull,2000,4,Original adaptive,Exact reserve,0.1136787424882798,0.1666666666666666,0.7911523583753878,0.0291743564741996,0.7631428283688878,0.7631428283688878,0.0280095300064999,0.0280095300064999,True,True,0.1143634773788627,0.0001205471722176,False,False,,,,20260930
weibull,2000,4,Monotone adaptive,Fixed bandwidth,0.15,0.5,0.8055813903727539,0.0182671695664655,0.805297683375762,0.7631428283688878,0.0002837069969918,0.042438562003866,True,False,0.0716073047005449,0.0002883735028,False,False,-1.509903313490213e-17,-1.1066073290961809,,20260930
weibull,2000,4,Monotone adaptive,Exact reserve,0.1136787424882798,0.5,0.789598820476464,0.0299419937181563,0.7631428283688878,0.7631428283688878,0.0264559921075762,0.0264559921075762,True,True,0.1173726153751729,0.0001070632913482,False,False,,,,20260930
weibull,2000,4,Empirical DML,Fixed bandwidth,0.15,0.0,0.8076498911367209,0.0172830849747806,0.805297683375762,0.7631428283688878,0.0023522077609589,0.0445070627678331,True,False,0.06774969310114,0.0003190209740322,False,False,-3.5837999234900055e-16,-1.0985210221397512,,20260930
weibull,2000,4,Empirical DML,Exact reserve,0.1136787424882798,0.0,0.7922598410426761,0.0275809679741577,0.7631428283688878,0.7631428283688878,0.0291170126737883,0.0291170126737883,True,True,0.1081173944586983,0.0001306857344787,False,False,,,,20260930
weibull,2000,4,Smooth plug-in,Fixed bandwidth,0.15,0.0,0.8052645416122062,0.0168950094763926,0.805297683375762,0.7631428283688878,-3.314176355584397e-05,0.0421217132433183,True,False,0.0662284371474591,0.0002838298919738,False,False,0.0,-1.1065857428299577,,20260930
weibull,2000,4,Smooth plug-in,Exact reserve,0.1136787424882798,0.0,0.7892113533273899,0.0265109036397887,0.7631428283688878,0.7631428283688878,0.026068524958502,0.026068524958502,True,True,0.103922742267972,0.0001038334440846,False,False,,,,20260930
weibull,2000,4,Lognormal MLE,Exact reserve,0.0,,0.6713624738849242,0.0067412553839815,0.7631428283688878,0.7631428283688878,-0.0917803544839636,-0.0917803544839636,False,False,0.0264257211052078,0.0008831156720596,False,False,2.9510439603086525e-07,,True,20260930
weibull,2000,5,Original fixed,Fixed bandwidth,0.15,0.0361445825096095,0.812812693099402,0.0175881198315675,0.805297683375762,0.7631428283688878,0.0075150097236399,0.0496698647305141,True,False,0.0689454297397448,0.0004031018448655,False,False,2.2666771570811758e-11,-1.0443047263787442,,20260930
weibull,2000,5,Original fixed,Exact reserve,0.1136787424882798,0.0361445825096095,0.7955097366831703,0.0340858047120883,0.7631428283688878,0.7631428283688878,0.0323669083142824,0.0323669083142824,True,True,0.1336163544713863,0.0001630038406463,False,False,,,,20260930
weibull,2000,5,Monotone fixed,Fixed bandwidth,0.15,0.0361445825096095,0.8128013811372571,0.0173888079001224,0.805297683375762,0.7631428283688878,0.007503697761495,0.0496585527683692,True,False,0.0681641269684798,0.000402905584949,False,False,2.2939332211535657e-11,-1.0446019416051475,,20260930
weibull,2000,5,Monotone fixed,Exact reserve,0.1136787424882798,0.0361445825096095,0.79545710923766,0.033519695922959,0.7631428283688878,0.7631428283688878,0.0323142808687721,0.0323142808687721,True,True,0.1313972080179993,0.0001624496470087,False,False,,,,20260930
weibull,2000,5,Original adaptive,Fixed bandwidth,0.15,0.1666666666666666,0.8173050901858278,0.0193477344623458,0.805297683375762,0.7631428283688878,0.0120074068100657,0.0541622618169399,True,False,0.0758431190923957,0.0004853210217594,False,False,-5.3290705182007506e-17,-1.0382339911909888,,20260930
weibull,2000,5,Original adaptive,Exact reserve,0.1136787424882798,0.1666666666666666,0.8001249988097734,0.0383459803433337,0.7631428283688878,0.7631428283688878,0.0369821704408855,0.0369821704408855,True,True,0.1503162429458684,0.0002156291609092,False,False,,,,20260930
weibull,2000,5,Monotone adaptive,Fixed bandwidth,0.15,0.3333333333333333,0.8119837356998562,0.0177865519554792,0.805297683375762,0.7631428283688878,0.0066860523240941,0.0488409073309683,True,False,0.0697232836654788,0.0003888605471999,False,False,-6.750155989720952e-17,-1.039374350733251,,20260930
weibull,2000,5,Monotone adaptive,Exact reserve,0.1136787424882798,0.3333333333333333,0.7946926125818412,0.0343457144658198,0.7631428283688878,0.7631428283688878,0.0315497842129534,0.0315497842129534,True,True,0.1346352007060137,0.0001545145328769,False,False,,,,20260930
weibull,2000,5,Empirical DML,Fixed bandwidth,0.15,0.0,0.8128725921725996,0.0173362064502104,0.805297683375762,0.7631428283688878,0.0075749087968375,0.0497297638037117,True,False,0.0679579292848247,0.0004041420588096,False,False,2.2500184826412804e-11,-1.0458010861551337,,20260930
weibull,2000,5,Empirical DML,Exact reserve,0.1136787424882798,0.0,0.7956843692478948,0.0333826991446561,0.7631428283688878,0.7631428283688878,0.0325415408790069,0.0325415408790069,True,True,0.130860180647052,0.000164850047073,False,False,,,,20260930
weibull,2000,5,Smooth plug-in,Fixed bandwidth,0.15,0.0,0.8156520258670493,0.0174259257850078,0.805297683375762,0.7631428283688878,0.0103543424912873,0.0525091974981615,True,False,0.0683096290772309,0.0004540690437782,False,False,5.551115123125783e-17,-1.031595978845945,,20260930
weibull,2000,5,Smooth plug-in,Exact reserve,0.1136787424882798,0.0,0.79717073716882,0.0341765724435265,0.7631428283688878,0.7631428283688878,0.0340279087999322,0.0340279087999322,True,True,0.1339721639786241,0.0001810224654514,False,False,,,,20260930
weibull,2000,5,Lognormal MLE,Exact reserve,0.0,,0.666357045937149,0.0068781867796022,0.7631428283688878,0.7631428283688878,-0.0967857824317388,-0.0967857824317388,False,False,0.0269624921760409,0.0009650132718885,False,False,8.55750073913697e-07,,True,20260930
weibull,2000,6,Original fixed,Fixed bandwidth,0.15,0.0361445825096095,0.7930951855283367,0.0189691909437244,0.805297683375762,0.7631428283688878,-0.0122024978474253,0.0299523571594488,True,True,0.0743592284994,0.0001386252860329,False,False,-1.0693668173189507e-15,-0.9271241327738132,,20260930
weibull,2000,6,Original fixed,Exact reserve,0.1136787424882798,0.0361445825096095,0.7509661112476158,0.0316593693620471,0.7631428283688878,0.7631428283688878,-0.0121767171212719,-0.0121767171212719,True,True,0.1241047278992248,2.020168912619802e-05,False,False,,,,20260930
weibull,2000,6,Monotone fixed,Fixed bandwidth,0.15,0.0361445825096095,0.7929172279423996,0.0188805652892108,0.805297683375762,0.7631428283688878,-0.0123804554333624,0.0297743995735118,True,True,0.0740118159337064,0.0001369127550543,False,False,-1.2949641359227826e-15,-0.9265238646813724,,20260930
weibull,2000,6,Monotone fixed,Exact reserve,0.1136787424882798,0.0361445825096095,0.7505432753945791,0.0313923875743418,0.7631428283688878,0.7631428283688878,-0.0125995529743087,-0.0125995529743087,True,True,0.1230581592914201,2.1600798727705595e-05,False,False,,,,20260930
weibull,2000,6,Original adaptive,Fixed bandwidth,0.15,0.25,0.8002874023438681,0.0202825815775821,0.805297683375762,0.7631428283688878,-0.0050102810318939,0.0371445739749802,True,True,0.0795077197841218,0.0002176276902816,False,False,-1.0658141036401505e-17,-0.9561562121061672,,20260930
weibull,2000,6,Original adaptive,Exact reserve,0.1136787424882798,0.25,0.7700674834812425,0.0351816113315712,0.7631428283688878,0.7631428283688878,0.0069246551123547,0.0069246551123547,True,True,0.1379119164197594,6.9244245763933066e-06,False,False,,,,20260930
weibull,2000,6,Monotone adaptive,Fixed bandwidth,0.15,0.5,0.7948961479774099,0.0192365901231526,0.805297683375762,0.7631428283688878,-0.010401535398352,0.0317533196085221,True,True,0.0754074332827583,0.0001566061234543,False,False,9.89778925486462e-13,-0.9343749615320496,,20260930
weibull,2000,6,Monotone adaptive,Exact reserve,0.1136787424882798,0.5,0.7555156522070869,0.0326346413717802,0.7631428283688878,0.7631428283688878,-0.0076271761618008,-0.0076271761618008,True,True,0.1279277941773784,8.037930627979861e-06,False,False,,,,20260930
weibull,2000,6,Empirical DML,Fixed bandwidth,0.15,0.0,0.7930297708823489,0.0188231621555458,0.805297683375762,0.7631428283688878,-0.012267912493413,0.0298869425134611,True,True,0.0737867956497396,0.000137994463313,False,False,-1.247890679678676e-15,-0.9267693127906762,,20260930
weibull,2000,6,Empirical DML,Exact reserve,0.1136787424882798,0.0,0.7507531470507681,0.031193559392415,0.7631428283688878,0.7631428283688878,-0.0123896813181196,-0.0123896813181196,True,True,0.1222787528182671,2.0900751241503812e-05,False,False,,,,20260930
weibull,2000,6,Smooth plug-in,Fixed bandwidth,0.15,0.0,0.7924936118489684,0.0187313043166849,0.805297683375762,0.7631428283688878,-0.0128040715267936,0.0293507834800805,True,True,0.0734267129214048,0.0001328821548627,False,False,-1.2212453270876722e-15,-0.92178957295741,,20260930
weibull,2000,6,Smooth plug-in,Exact reserve,0.1136787424882798,0.0,0.7495845043464503,0.0315192246024743,0.7631428283688878,0.7631428283688878,-0.0135583240224375,-0.0135583240224375,True,True,0.1235553604416994,2.493914278889342e-05,False,False,,,,20260930
weibull,2000,6,Lognormal MLE,Exact reserve,0.0,,0.6612677407956419,0.006845536939105,0.7631428283688878,0.7631428283688878,-0.1018750875732459,-0.1018750875732459,False,False,0.0268345048012919,0.0010501646388312,False,False,6.868848601015998e-07,,True,20260930
weibull,2000,7,Original fixed,Fixed bandwidth,0.15,0.0361445825096095,0.8290094390223997,0.0211922306249664,0.805297683375762,0.7631428283688878,0.0237117556466376,0.0658666106535118,True,False,0.0830735440498686,0.0007410505682658,False,False,5.0903503634458506e-12,-0.8138375557244836,,20260930
weibull,2000,7,Original fixed,Exact reserve,0.1136787424882798,0.0361445825096095,0.8047873854161783,0.0431236861317236,0.7631428283688878,0.7631428283688878,0.0416445570472905,0.0416445570472905,True,True,0.1690448496363567,0.0002770625846799,False,False,,,,20260930
weibull,2000,7,Monotone fixed,Fixed bandwidth,0.15,0.0361445825096095,0.8290595866934454,0.0210362270313201,0.805297683375762,0.7631428283688878,0.0237619033176833,0.0659167583245575,True,False,0.0824620099627748,0.0007422799655421,False,False,4.887534821307327e-12,-0.8150162244045189,,20260930
weibull,2000,7,Monotone fixed,Exact reserve,0.1136787424882798,0.0361445825096095,0.805029938096862,0.0425863746926813,0.7631428283688878,0.7631428283688878,0.0418871097279741,0.0418871097279741,True,True,0.166938588795311,0.0002804913245488,False,False,,,,20260930
weibull,2000,7,Original adaptive,Fixed bandwidth,0.15,0.0,0.828914592959857,0.0208753392651463,0.805297683375762,0.7631428283688878,0.023616909584095,0.0657717645909692,True,False,0.0818313299193736,0.0007387284883253,False,False,6.206450464674162e-12,-0.8161301889276329,,20260930
weibull,2000,7,Original adaptive,Exact reserve,0.1136787424882798,0.0,0.8048669905889128,0.0420477605614191,0.7631428283688878,0.7631428283688878,0.0417241622200249,0.0417241622200249,True,True,0.1648272214007629,0.0002781853275497,False,False,,,,20260930
weibull,2000,7,Monotone adaptive,Fixed bandwidth,0.15,0.0,0.828914592959857,0.0208753392651463,0.805297683375762,0.7631428283688878,0.023616909584095,0.0657717645909692,True,False,0.0818313299193736,0.0007387284883253,False,False,6.206450464674162e-12,-0.8161301889276329,,20260930
weibull,2000,7,Monotone adaptive,Exact reserve,0.1136787424882798,0.0,0.8048669905889128,0.0420477605614191,0.7631428283688878,0.7631428283688878,0.0417241622200249,0.0417241622200249,True,True,0.1648272214007629,0.0002781853275497,False,False,,,,20260930
weibull,2000,7,Empirical DML,Fixed bandwidth,0.15,0.0,0.828914592959857,0.0208753392651463,0.805297683375762,0.7631428283688878,0.023616909584095,0.0657717645909692,True,False,0.0818313299193736,0.0007387284883253,False,False,6.206450464674162e-12,-0.8161301889276329,,20260930
weibull,2000,7,Empirical DML,Exact reserve,0.1136787424882798,0.0,0.8048669905889128,0.0420477605614191,0.7631428283688878,0.7631428283688878,0.0417241622200249,0.0417241622200249,True,True,0.1648272214007629,0.0002781853275497,False,False,,,,20260930
weibull,2000,7,Smooth plug-in,Fixed bandwidth,0.15,0.0,0.8277815217889656,0.0202721500043001,0.805297683375762,0.7631428283688878,0.0224838384132035,0.0646386934200777,True,False,0.0794668280168566,0.0007113114859207,False,False,-2.0227486352553115e-11,-0.832091443904448,,20260930
weibull,2000,7,Smooth plug-in,Exact reserve,0.1136787424882798,0.0,0.8018864608136307,0.0392181142784757,0.7631428283688878,0.7631428283688878,0.0387436324447428,0.0387436324447428,True,True,0.153735007971625,0.0002378466080448,False,False,,,,20260930
weibull,2000,7,Lognormal MLE,Exact reserve,0.0,,0.665162206690613,0.0069381861329692,0.7631428283688878,0.7631428283688878,-0.0979806216782748,-0.0979806216782748,False,False,0.0271976896412394,0.0009848424347469,False,False,9.214448659644604e-08,,True,20260930
weibull,2000,8,Original fixed,Fixed bandwidth,0.15,0.0361445825096095,0.8208675719008517,0.0187898497962444,0.805297683375762,0.7631428283688878,0.0155698885250896,0.0577247435319638,True,False,0.0736562112012784,0.0005566933529139,False,False,4.618527782440651e-17,-0.91434866789298,,20260930
weibull,2000,8,Original fixed,Exact reserve,0.1136787424882798,0.0361445825096095,0.807813899558956,0.0370828023895564,0.7631428283688878,0.7631428283688878,0.0446710711900681,0.0446710711900681,True,True,0.1453645853670613,0.0003215245135408,False,False,,,,20260930
weibull,2000,8,Monotone fixed,Fixed bandwidth,0.15,0.0361445825096095,0.8208211829887572,0.0186730408680421,0.805297683375762,0.7631428283688878,0.0155234996129951,0.0576783546198693,True,False,0.0731983202027254,0.0005557282237826,False,False,-2.686739719592879e-17,-0.9147498659690166,,20260930
weibull,2000,8,Monotone fixed,Exact reserve,0.1136787424882798,0.0361445825096095,0.8078389571336237,0.0367602624639916,0.7631428283688878,0.7631428283688878,0.0446961287647359,0.0446961287647359,True,True,0.144100228858847,0.0003219079442773,False,False,,,,20260930
weibull,2000,8,Original adaptive,Fixed bandwidth,0.15,0.3333333333333333,0.8334302066303259,0.0212603602863744,0.805297683375762,0.7631428283688878,0.0281325232545638,0.070287378261438,True,False,0.0833406123225877,0.000853961517808,False,False,1.1514806441681458e-11,-0.9382881171835232,,20260930
weibull,2000,8,Original adaptive,Exact reserve,0.1136787424882798,0.3333333333333333,0.8416546510050583,0.0430282710884345,0.7631428283688878,0.7631428283688878,0.0785118226361705,0.0785118226361705,True,True,0.1686708226666633,0.0010890650450916,False,False,,,,20260930
weibull,2000,8,Monotone adaptive,Fixed bandwidth,0.15,0.6666666666666666,0.8287760118566901,0.019631695190649,0.805297683375762,0.7631428283688878,0.0234783284809281,0.0656331834878023,True,False,0.0769562451473443,0.0007353433838312,False,False,1.3941354071178579e-11,-0.9588564381617968,,20260930
weibull,2000,8,Monotone adaptive,Exact reserve,0.1136787424882798,0.6666666666666666,0.8287730980434252,0.0368653934802435,0.7631428283688878,0.7631428283688878,0.0656302696745374,0.0656302696745374,True,True,0.1445123424425545,0.0007352723051656,False,False,,,,20260930
weibull,2000,8,Empirical DML,Fixed bandwidth,0.15,0.0,0.8208514379123226,0.0186101412637258,0.805297683375762,0.7631428283688878,0.0155537545365606,0.0577086095434348,True,False,0.0729517537538053,0.0005563576048428,False,False,1.509903313490213e-17,-0.914374175983712,,20260930
weibull,2000,8,Empirical DML,Exact reserve,0.1136787424882798,0.0,0.8078044582513939,0.0365895339657072,0.7631428283688878,0.7631428283688878,0.0446616298825061,0.0446616298825061,True,True,0.1434309731455725,0.0003213800974666,False,False,,,,20260930
weibull,2000,8,Smooth plug-in,Fixed bandwidth,0.15,0.0,0.8206548937686953,0.0184945734047544,0.805297683375762,0.7631428283688878,0.0153572103929332,0.0575120653998074,True,False,0.0724987277466373,0.0005522765262597,False,False,0.0,-0.916039736627572,,20260930
weibull,2000,8,Smooth plug-in,Exact reserve,0.1136787424882798,0.0,0.8084181110403613,0.0360049018635486,0.7631428283688878,0.7631428283688878,0.0452752826714735,0.0452752826714735,True,True,0.1411392153051107,0.0003308414921221,False,False,,,,20260930
weibull,2000,8,Lognormal MLE,Exact reserve,0.0,,0.6649958895973901,0.0068851119654776,0.7631428283688878,0.7631428283688878,-0.0981469387714977,-0.0981469387714977,False,False,0.0269896389046723,0.0009876107073552,False,False,4.2319694415482445e-09,,True,20260930
weibull,2000,9,Original fixed,Fixed bandwidth,0.15,0.0361445825096095,0.8096912618064617,0.0167630174410013,0.805297683375762,0.7631428283688878,0.0043935784306996,0.0465484334375738,True,False,0.0657110283687251,0.0003509590863313,False,False,6.449523581864014e-12,-1.091873365634897,,20260930
weibull,2000,9,Original fixed,Exact reserve,0.1136787424882798,0.0361445825096095,0.8011135378644598,0.0243802117435947,0.7631428283688878,0.7631428283688878,0.037970709495572,0.037970709495572,True,True,0.0955704300348914,0.000227950577939,False,False,,,,20260930
weibull,2000,9,Monotone fixed,Fixed bandwidth,0.15,0.0361445825096095,0.8096789900979675,0.0165997392423239,0.805297683375762,0.7631428283688878,0.0043813067222054,0.0465361617290797,True,False,0.06507097782991,0.0003507620867249,False,False,6.9259824542200474e-12,-1.0906968128513703,,20260930
weibull,2000,9,Monotone fixed,Exact reserve,0.1136787424882798,0.0361445825096095,0.8009947218285551,0.0240531212700957,0.7631428283688878,0.7631428283688878,0.0378518934596673,0.0378518934596673,True,True,0.0942882353787753,0.0002264497871544,False,False,,,,20260930
weibull,2000,9,Original adaptive,Fixed bandwidth,0.15,0.3333333333333333,0.8186592313566914,0.0186850429358172,0.805297683375762,0.7631428283688878,0.0133615479809293,0.0555164029878035,True,False,0.0732453683084036,0.0005117989225305,False,False,-2.3714363805993345e-16,-1.1311162669876351,,20260930
weibull,2000,9,Original adaptive,Exact reserve,0.1136787424882798,0.4166666666666667,0.8202979012538987,0.0297237232659174,0.7631428283688878,0.7631428283688878,0.0571550728850108,0.0571550728850108,True,True,0.1165169952023962,0.0005449074614483,False,False,,,,20260930
weibull,2000,9,Monotone adaptive,Fixed bandwidth,0.15,0.5833333333333334,0.8150119017279253,0.0173237526967427,0.805297683375762,0.7631428283688878,0.0097142183521632,0.0518690733590374,True,False,0.0679091105712317,0.0004422808187698,False,False,-6.626690307598439e-13,-1.140973047427032,,20260930
weibull,2000,9,Monotone adaptive,Exact reserve,0.1136787424882798,0.6666666666666666,0.8125459845081497,0.0251350988411463,0.7631428283688878,0.7631428283688878,0.0494031561392619,0.0494031561392619,False,False,0.0985295874572936,0.0003984886081995,False,False,,,,20260930
weibull,2000,9,Empirical DML,Fixed bandwidth,0.15,0.0,0.8096474411420591,0.0165370380105076,0.805297683375762,0.7631428283688878,0.004349757766297,0.0465046127731713,True,False,0.06482518900119,0.000350255688019,False,False,8.24751644756816e-12,-1.090369180982964,,20260930
weibull,2000,9,Empirical DML,Exact reserve,0.1136787424882798,0.0,0.8009093822284131,0.0239121823493789,0.7631428283688878,0.7631428283688878,0.0377665538595253,0.0377665538595253,True,True,0.0937357548095654,0.000225375161782,False,False,,,,20260930
weibull,2000,9,Smooth plug-in,Fixed bandwidth,0.15,0.0,0.8089394178251069,0.0163581297312978,0.805297683375762,0.7631428283688878,0.0036417344493449,0.0457965894562191,True,False,0.0641238685466873,0.0003389990715503,False,False,-4.417022303471186e-13,-1.0956747084836516,,20260930
weibull,2000,9,Smooth plug-in,Exact reserve,0.1136787424882798,0.0,0.8006992285730116,0.0237591362053308,0.7631428283688878,0.7631428283688878,0.0375564002041237,0.0375564002041237,True,True,0.0931358139248969,0.0002227408737449,False,False,,,,20260930
weibull,2000,9,Lognormal MLE,Exact reserve,0.0,,0.6548710200162197,0.0068375275863856,0.7631428283688878,0.7631428283688878,-0.1082718083526681,-0.1082718083526681,False,False,0.0268031081386318,0.0011595430279389,False,False,3.0743665391241844e-09,,True,20260930
weibull,2000,10,Original fixed,Fixed bandwidth,0.15,0.0361445825096095,0.8113182233553914,0.0161554478211213,0.805297683375762,0.7631428283688878,0.0060205399796293,0.0481753949865035,True,False,0.0633293554587956,0.0003776340171943,False,False,3.552713678800501e-17,-1.1830199406482578,,20260930
weibull,2000,10,Original fixed,Exact reserve,0.1136787424882798,0.0361445825096095,0.8112707307016003,0.0234590511214325,0.7631428283688878,0.7631428283688878,0.0481279023327124,0.0481279023327124,False,False,0.0919594803960157,0.000376839837799,False,False,,,,20260930
weibull,2000,10,Monotone fixed,Fixed bandwidth,0.15,0.0361445825096095,0.8109890373919264,0.0159924436767097,0.805297683375762,0.7631428283688878,0.0056913540161643,0.0478462090230386,True,False,0.062690379212702,0.0003721487817771,False,False,8.348877145181176e-17,-1.1830074323081785,,20260930
weibull,2000,10,Monotone fixed,Exact reserve,0.1136787424882798,0.0361445825096095,0.8109854979021806,0.0231251213590179,0.7631428283688878,0.7631428283688878,0.0478426695332927,0.0478426695332927,False,False,0.0906504757273501,0.0003720900368904,False,False,,,,20260930
weibull,2000,10,Original adaptive,Fixed bandwidth,0.15,0.0,0.8111062610472514,0.0159797807934603,0.805297683375762,0.7631428283688878,0.0058085776714893,0.0479634326783635,True,False,0.0626407407103646,0.0003740969294845,False,False,6.217248937900877e-17,-1.1846350280611784,,20260930
weibull,2000,10,Original adaptive,Exact reserve,0.1136787424882798,0.0,0.8111488213959148,0.0230370791004534,0.7631428283688878,0.7631428283688878,0.048005993027027,0.048005993027027,False,False,0.0903053500737776,0.000374805638563,False,False,,,,20260930
weibull,2000,10,Monotone adaptive,Fixed bandwidth,0.15,0.3333333333333333,0.8087726285634557,0.0158091887332083,0.805297683375762,0.7631428283688878,0.0034749451876936,0.0456298001945678,True,False,0.0619720198341767,0.0003363770664774,False,False,-1.758593271006248e-16,-1.1664019147460447,,20260930
weibull,2000,10,Monotone adaptive,Exact reserve,0.1136787424882798,0.3333333333333333,0.8056586269318513,0.0230329412489561,0.7631428283688878,0.7631428283688878,0.0425157985629635,0.0425157985629635,True,True,0.090289129695908,0.0002894871167169,False,False,,,,20260930
weibull,2000,10,Empirical DML,Fixed bandwidth,0.15,0.0,0.8111062610472514,0.0159797807934603,0.805297683375762,0.7631428283688878,0.0058085776714893,0.0479634326783635,True,False,0.0626407407103646,0.0003740969294845,False,False,6.217248937900877e-17,-1.1846350280611784,,20260930
weibull,2000,10,Empirical DML,Exact reserve,0.1136787424882798,0.0,0.8111488213959148,0.0230370791004534,0.7631428283688878,0.7631428283688878,0.048005993027027,0.048005993027027,False,False,0.0903053500737776,0.000374805638563,False,False,,,,20260930
weibull,2000,10,Smooth plug-in,Fixed bandwidth,0.15,0.0,0.8118498226718958,0.0156166735278107,0.805297683375762,0.7631428283688878,0.0065521392961337,0.0487069943030079,True,False,0.0612173602290181,0.0003865867949783,False,False,2.220446049250313e-16,-1.17436147236194,,20260930
weibull,2000,10,Smooth plug-in,Exact reserve,0.1136787424882798,0.0,0.8147442970422205,0.0227451755687507,0.7631428283688878,0.7631428283688878,0.0516014686733327,0.0516014686733327,False,False,0.089161088229503,0.0004374042887405,False,False,,,,20260930
weibull,2000,10,Lognormal MLE,Exact reserve,0.0,,0.6677658644329738,0.0069208108809869,0.7631428283688878,0.7631428283688878,-0.095376963935914,-0.095376963935914,False,False,0.0271295786534687,0.0009417675872194,False,False,3.968558814904099e-09,,True,20260930
